id,category,name,shop_link,image_url
1,001001,MESH FOOTBALL JERSEY T-SHIRTS (3 COLOR),https://www.musinsa.com/products/5760939,https://image.msscdn.net/images/goods_img/20251121/5760939/5760939_17636994591100_500.png
2,001001,EL [크라잉넛] 플레임 로고 반팔티셔츠 3Color,https://www.musinsa.com/products/5758440,https://image.msscdn.net/images/goods_img/20251120/5758440/5758440_17636222992617_500.jpg
3,001001,[2PACK] 베이직 무지 오버핏 반팔 티셔츠,https://www.musinsa.com/products/4983063,https://image.msscdn.net/images/goods_img/20250403/4983063/4983063_17436569832790_500.png
4,001001,드셀리스 반소매 티셔츠,https://www.musinsa.com/products/5758409,https://image.msscdn.net/images/goods_img/20251120/5758409/5758409_17639714186235_500.jpg
5,001001,EL [크라잉넛] HISTORY 반팔티셔츠 3Color,https://www.musinsa.com/products/5758458,https://image.msscdn.net/images/goods_img/20251120/5758458/5758458_17636223759103_500.jpg
6,001001,스몰 트위치 로고 2PACK 티셔츠 컬러 믹스,https://www.musinsa.com/products/4705968,https://image.msscdn.net/images/goods_img/20250108/4705968/4705968_17376951200864_500.jpg
7,001001,크래그 SL 코튼 SS 남성 - BLACK / ATPFM09533,https://www.musinsa.com/products/5678820,https://image.msscdn.net/images/goods_img/20251103/5678820/5678820_17633693153379_500.jpg
8,001001,크래그 SL 코튼 셔츠 SS 남성,https://www.musinsa.com/products/5676984,https://image.msscdn.net/images/goods_img/20251103/5676984/5676984_17621447069009_500.jpg
9,001001,오버핏 1:1 스트라이프 반팔티 ( 5Color ),https://www.musinsa.com/products/5033156,https://image.msscdn.net/images/goods_img/20250416/5033156/5033156_17501417062351_500.jpg
10,001001,파리 생제르맹 어웨이 나이키 축구 티셔츠 M - 화이트 / HQ8335-100,https://www.musinsa.com/products/5131121,https://image.msscdn.net/images/goods_img/20250520/5131121/5131121_17479780262751_500.jpg
11,001001,[반팔티셔츠 느좋] 남여공용 오버핏,https://www.musinsa.com/products/5276582,https://image.msscdn.net/images/goods_img/20250728/5276582/5276582_17536915177233_500.jpg
12,001001,공용) 레이어드 반팔티 2팩_PHE5TR3788,https://www.musinsa.com/products/4237360,https://image.msscdn.net/images/goods_img/20240708/4237360/4237360_17204064890849_500.jpg
13,001001,[2PACK] 190g 싱글 에어그램 머슬핏 반팔 티셔츠 (JQ5TSU152BK),https://www.musinsa.com/products/4834586,https://image.msscdn.net/images/goods_img/20250226/4834586/4834586_17412429517338_500.jpg
14,001001,골드 하트 엠블럼 반소매 티셔츠 - 화이트 / AXT2160514,https://www.musinsa.com/products/4938286,https://image.msscdn.net/images/goods_img/20250325/4938286/4938286_17441018439367_500.jpg
15,001001,코소 비치  아트웍 티셔츠 (WHITE),https://www.musinsa.com/products/5099357,https://image.msscdn.net/images/goods_img/20250509/5099357/5099357_17509176952027_500.jpg
16,001001,ABC 카모 콜리지 ATS 티셔츠(M) BLACK/GREEN,https://www.musinsa.com/products/5298192,https://image.msscdn.net/images/goods_img/20250807/5298192/5298192_17629310508277_500.jpg
17,001001,BRN COOL MESH EXTRA FIT T-SHIRTS [BLACK],https://www.musinsa.com/products/5482556,https://image.msscdn.net/images/goods_img/20250917/5482556/5482556_17587947635758_500.jpg
18,001001,VLAD 피그먼트 슬래쉬 반팔 티셔츠_차콜,https://www.musinsa.com/products/4055771,https://image.msscdn.net/images/goods_img/20240415/4055771/4055771_17164413957204_500.png
19,001001,로고 반소매 티셔츠 - 네이비 / HTS048JE01194011,https://www.musinsa.com/products/4998015,https://image.msscdn.net/images/goods_img/20250408/4998015/4998015_17466740171111_500.jpg
20,001001,[2PACK] 파이니스트 실켓 오버핏 티셔츠,https://www.musinsa.com/products/3165127,https://image.msscdn.net/images/goods_img/20230321/3165127/3165127_17153033644679_500.jpg
21,001001,공용) 코튼 베이직 반팔티 3PACK_MSE5TS3001,https://www.musinsa.com/products/3458174,https://image.msscdn.net/images/goods_img/20230810/3458174/3458174_17122735369221_500.jpg
22,001001,[반팔티셔츠 햄스터밈] 남여공용 오버핏,https://www.musinsa.com/products/5276650,https://image.msscdn.net/images/goods_img/20250728/5276650/5276650_17536918372973_500.jpg
23,001001,DSN-Logo Tee White,https://www.musinsa.com/products/3863951,https://image.msscdn.net/images/goods_img/20240213/3863951/3863951_17173987154781_500.jpg
24,001001,남성) 밸런스 쿨에어 테크 퍼포먼스 모크넥 언더셔츠_MBD5TS1902,https://www.musinsa.com/products/3327809,https://image.msscdn.net/images/goods_img/20230526/3327809/3327809_16986438126336_500.jpg
25,001001,오버핏 백 프린팅 티셔츠 (화이트/그레이),https://www.musinsa.com/products/4041279,https://image.msscdn.net/images/goods_img/20240409/4041279/4041279_17126508081937_500.jpg
26,001001,스타일리쉬 원형 로고 오버 핏 반팔 블랙,https://www.musinsa.com/products/4957286,https://image.msscdn.net/images/goods_img/20250328/4957286/4957286_17431314752131_500.jpg
27,001001,[3PACK] 국산 20수 코마 헤비웨이트 기본 무지 남여 공용 반팔 티셔츠,https://www.musinsa.com/products/5221586,https://image.msscdn.net/images/goods_img/20250702/5221586/5221586_17514394024561_500.jpg
28,001001,야자수 그래픽 백 로고 반소매 티셔츠 - 화이트 / W251TS04716W,https://www.musinsa.com/products/5071645,https://image.msscdn.net/images/goods_img/20250428/5071645/5071645_17471840690582_500.jpg
29,001001,모먼트 피그먼트 오버핏 반팔 티셔츠,https://www.musinsa.com/products/5315296,https://image.msscdn.net/images/goods_img/20250812/5315296/5315296_17550100724872_500.jpg
30,001001,소주사랑해 티셔츠 I LOVE SOZU PRINTING T-SHIRTS_25SS,https://www.musinsa.com/products/5436271,https://image.msscdn.net/images/goods_img/20250910/5436271/5436271_17579255773570_500.jpg
31,001002,원 포켓 오버핏 플레이드 체크 셔츠 [카키],https://www.musinsa.com/products/4757618,https://image.msscdn.net/images/goods_img/20250204/4757618/4757618_17387440516375_500.jpg
32,001002,피그먼트 워싱 투 포켓 오버핏 긴팔 셔츠 [스카이 블루],https://www.musinsa.com/products/4856426,https://image.msscdn.net/images/goods_img/20250304/4856426/4856426_17416599647244_500.jpg
33,001002,프레첼 코듀로이 셔츠 카키브라운 JJLS7525,https://www.musinsa.com/products/2154603,https://image.msscdn.net/images/goods_img/20210930/2154603/2154603_1_500.jpg
34,001002,컨투어 폭스 헤드 스케이트 셔츠 - 화이트 / MM00405WC5012P100,https://www.musinsa.com/products/4938276,https://image.msscdn.net/images/goods_img/20250325/4938276/4938276_17455400768396_500.jpg
35,001002,W 슬림핏 니트 코튼 옥스포드 셔츠-샴브레이 인디고,https://www.musinsa.com/products/4253564,https://image.msscdn.net/images/goods_img/20240717/4253564/4253564_17231045900144_500.jpg
36,001002,오버사이즈 옥스포드 셔츠 [네이비],https://www.musinsa.com/products/3056556,https://image.msscdn.net/images/goods_img/20230202/3056556/3056556_17286314506641_500.jpg
37,001002,[ON]스트라이프 오버핏 셔츠 - 3color,https://www.musinsa.com/products/5289769,https://image.msscdn.net/images/goods_img/20250804/5289769/5289769_17630853866689_500.jpg
38,001002,피그먼트 코듀로이 셔츠 브라운,https://www.musinsa.com/products/4283487,https://image.msscdn.net/images/goods_img/20240730/4283487/4283487_17581606009194_500.jpg
39,001002,페이디드 셔츠 - 차콜 브라운,https://www.musinsa.com/products/5371402,https://image.msscdn.net/images/goods_img/20250827/5371402/5371402_17564539008811_500.jpg
40,001002,프리미엄 오버핏 플란넬 포켓 체크 셔츠 [오렌지],https://www.musinsa.com/products/5253332,https://image.msscdn.net/images/goods_img/20250717/5253332/5253332_17567733898628_500.jpg
41,001002,피그먼트 루즈핏 셔츠 진회색 SMLS4058,https://www.musinsa.com/products/483798,https://image.msscdn.net/images/goods_img/20170215/483798/483798_17042592753641_500.jpg
42,001002,OVERSIZED DENIM SHIRT black,https://www.musinsa.com/products/3062587,https://image.msscdn.net/images/goods_img/20230206/3062587/3062587_17248319677461_500.jpg
43,001002,릴렉스드 백 사틴 셔츠 [화이트],https://www.musinsa.com/products/4787889,https://image.msscdn.net/images/goods_img/20250214/4787889/4787889_17557629752595_500.jpg
44,001002,웨스턴 투 포켓 자수 스웨이드 셔츠 [브라운],https://www.musinsa.com/products/4757834,https://image.msscdn.net/images/goods_img/20250204/4757834/4757834_17387445886491_500.jpg
45,001002,"플레인 스트라이프 셔츠, Ivory Brown",https://www.musinsa.com/products/4312496,https://image.msscdn.net/images/goods_img/20240808/4312496/4312496_17569659977352_500.jpg
46,001002,썸머 빈티지 누아 체크 셔츠,https://www.musinsa.com/products/5157563,https://image.msscdn.net/images/goods_img/20250529/5157563/5157563_17485047179179_500.jpg
47,001002,체크 플란넬 셔츠 045910 [17color],https://www.musinsa.com/products/5522657,https://image.msscdn.net/images/goods_img/20250924/5522657/5522657_17617164872322_500.jpg
48,001002,크로셰 체크 오버핏 셔츠,https://www.musinsa.com/products/5368999,https://image.msscdn.net/images/goods_img/20250827/5368999/5368999_17568849498333_500.jpg
49,001002,코튼100 오버 핏 옥스포드 셔츠_화이트,https://www.musinsa.com/products/5085932,https://image.msscdn.net/images/goods_img/20250502/5085932/5085932_17461651891482_500.jpg
50,001002,고밀도 코튼 가먼트다잉 셔츠  애쉬,https://www.musinsa.com/products/4891917,https://image.msscdn.net/images/goods_img/20250313/4891917/4891917_17418256448494_500.jpg
51,001002,투포켓 빈티지 체크 셔츠 [브라운],https://www.musinsa.com/products/5304896,https://image.msscdn.net/images/goods_img/20250808/5304896/5304896_17579987544062_500.jpg
52,001002,빈티지 오버 듀플린 체크 셔츠 (차콜),https://www.musinsa.com/products/4425073,https://image.msscdn.net/images/goods_img/20240910/4425073/4425073_17273390280319_500.jpg
53,001002,레트로 오버핏 코튼 플란넬 포켓 체크 셔츠 [그린],https://www.musinsa.com/products/4705635,https://image.msscdn.net/images/goods_img/20250108/4705635/4705635_17610072012760_500.jpg
54,001002,솔리드 링클프리 루즈핏 무지 셔츠 소라,https://www.musinsa.com/products/3739931,https://image.msscdn.net/images/goods_img/20231130/3739931/3739931_17567897327017_500.jpg
55,001002,샴브레이 크롭 셔츠  스카이 블루,https://www.musinsa.com/products/5319290,https://image.msscdn.net/images/goods_img/20250813/5319290/5319290_17550607024035_500.jpg
56,001002,폭스 헤드 엠브로이더리 캐쥬얼 셔츠 - 화이트 / MM00408WC5012P100,https://www.musinsa.com/products/4938079,https://image.msscdn.net/images/goods_img/20250325/4938079/4938079_17458131495693_500.jpg
57,001002,더 스테디 체크셔츠 (빈티지 레드),https://www.musinsa.com/products/5503448,https://image.msscdn.net/images/goods_img/20250922/5503448/5503448_17585845350860_500.jpg
58,001002,헤비 트윌 나일론 셔켓  올리브,https://www.musinsa.com/products/4443067,https://image.msscdn.net/images/goods_img/20240919/4443067/4443067_17267136707553_500.jpg
59,001002,에센셜 텐셀 린넨 셔츠 - 9 COLOR,https://www.musinsa.com/products/3042516,https://image.msscdn.net/images/goods_img/20230127/3042516/3042516_17150418369060_500.jpg
60,001002,Washed Oxford Shirt S87 Gray,https://www.musinsa.com/products/2180280,https://image.msscdn.net/images/goods_img/20211015/2180280/2180280_17241184934246_500.jpg
61,001003,오버핏 헨리넥 카라 니트 티셔츠 2Color,https://www.musinsa.com/products/4752756,https://image.msscdn.net/images/goods_img/20250203/4752756/4752756_17592845980941_500.jpg
62,001003,릴렉스드 더블코튼 카라 긴팔티 ( 8Color ),https://www.musinsa.com/products/2765431,https://image.msscdn.net/images/goods_img/20220902/2765431/2765431_17152175223066_500.jpg
63,001003,TEDDY PIQUE SWEATER NAVY,https://www.musinsa.com/products/2286564,https://image.msscdn.net/images/goods_img/20211230/2286564/2286564_1_500.jpg
64,001003,럭비 폴로 셔츠 - 블랙 / IZ4806,https://www.musinsa.com/products/4375159,https://image.msscdn.net/images/goods_img/20240827/4375159/4375159_17248303115071_500.jpg
65,001003,[패션플래닛 PICK] 하이드 버튼 카라 니트 [4COL],https://www.musinsa.com/products/5507067,https://image.msscdn.net/images/goods_img/20250922/5507067/5507067_17586071782539_500.jpg
66,001003,SCT-Logo Shaggy Knit Polo Charcoal,https://www.musinsa.com/products/5549598,https://image.msscdn.net/images/goods_img/20250930/5549598/5549598_17593005899405_500.jpg
67,001003,시그니처 로고 스트라이프 폴로 카라티-네이비,https://www.musinsa.com/products/4421527,https://image.msscdn.net/images/goods_img/20240909/4421527/4421527_17262035332599_500.jpg
68,001003,럭비 스트라이프 피케 롱 슬리브 네이비,https://www.musinsa.com/products/4854080,https://image.msscdn.net/images/goods_img/20250304/4854080/4854080_17417565014715_500.jpg
69,001003,워셔블 스트라이프 버튼 카라넥 니트 [네이비],https://www.musinsa.com/products/4856461,https://image.msscdn.net/images/goods_img/20250304/4856461/4856461_17416597957935_500.jpg
70,001003,오버사이즈 벌룬 피케 스웨트 셔츠 [BLACK],https://www.musinsa.com/products/3052053,https://image.msscdn.net/images/goods_img/20230201/3052053/3052053_16753905569091_500.jpg
71,001003,카타르 코리아 기모 카라맨투맨  레드(FF24MC95U_560),https://www.musinsa.com/products/2943273,https://image.msscdn.net/images/goods_img/20221115/2943273/2943273_1_500.jpg
72,001003,Collar String Long Sleeve Shirts [2 Colors],https://www.musinsa.com/products/3467440,https://image.msscdn.net/images/goods_img/20230816/3467440/3467440_16928667469065_500.jpg
73,001003,롱 슬리브 피케 폴로 셔츠 [블랙],https://www.musinsa.com/products/1387953,https://image.msscdn.net/images/goods_img/20200407/1387953/1387953_1_500.jpg
74,001003,클래식 로고 폴로 티셔츠,https://www.musinsa.com/products/3817664,https://image.msscdn.net/images/goods_img/20240124/3817664/3817664_17282684636791_500.jpg
75,001003,소프트 울 블렌드 카라 니트 - 5 COLOR,https://www.musinsa.com/products/5496067,https://image.msscdn.net/images/goods_img/20250919/5496067/5496067_17582599592065_500.jpg
76,001003,스트라이프 럭비 오버핏 피케 폴로 셔츠 [네이비],https://www.musinsa.com/products/4757945,https://image.msscdn.net/images/goods_img/20250204/4757945/4757945_17388081982654_500.jpg
77,001003,남성 코튼 블렌드 심플 카라 티셔츠 3Color TS481,https://www.musinsa.com/products/4940628,https://image.msscdn.net/images/goods_img/20250325/4940628/4940628_17428777226942_500.jpg
78,001003,레트로 마운틴 1941 스트라이프 카라 맨투맨 (JR5TSU825BK),https://www.musinsa.com/products/5355217,https://image.msscdn.net/images/goods_img/20250822/5355217/5355217_17573084493756_500.jpg
79,001003,머서라이즈 코튼 새들 카라 니트 컬렉션,https://www.musinsa.com/products/5379226,https://image.msscdn.net/images/goods_img/20250829/5379226/5379226_17564459868296_500.jpg
80,001003,스트라이프 럭비 셔츠 [네이비/그린],https://www.musinsa.com/products/1633322,https://image.msscdn.net/images/goods_img/20201005/1633322/1633322_1_500.jpg
81,001003,볼드 폭스 헤드 패치 컴포트 폴로 셔츠 - 슬레이트 그레이 / OM00202KT10990076,https://www.musinsa.com/products/4938275,https://image.msscdn.net/images/goods_img/20250325/4938275/4938275_17454657350769_500.jpg
82,001003,레트로 마운틴 1941 스트라이프 카라 맨투맨 (JR5TSU825NA),https://www.musinsa.com/products/5355219,https://image.msscdn.net/images/goods_img/20250822/5355219/5355219_17573084178128_500.jpg
83,001003,버비아지 폴로 셔츠 - 아이보리 / IS7420,https://www.musinsa.com/products/3552393,https://image.msscdn.net/images/goods_img/20230912/3552393/3552393_16945923884434_500.jpg
84,001003,[적립금 10%] 커스텀 슬림핏 메시 폴로 셔츠-네이비,https://www.musinsa.com/products/5488449,https://image.msscdn.net/images/goods_img/20250918/5488449/5488449_17603162660171_500.jpg
85,001003,심볼 트랙 럭비카라 오버핏 맨투맨 스웻 티셔츠 3Color,https://www.musinsa.com/products/4759885,https://image.msscdn.net/images/goods_img/20250205/4759885/4759885_17399410449404_500.jpg
86,001003,코튼 세미 오버핏 피케 티셔츠-네이비,https://www.musinsa.com/products/4750001,https://image.msscdn.net/images/goods_img/20250202/4750001/4750001_17411395595073_500.jpg
87,001003,Classic Fit Striped Jersey Rugby Shirt Green/Navy/Red,https://www.musinsa.com/products/5339797,https://image.msscdn.net/images/goods_img/20250819/5339797/5339797_17580028341628_500.jpg
88,001003,워셔블 스트라이프 버튼 카라넥 니트 [블랙],https://www.musinsa.com/products/4856465,https://image.msscdn.net/images/goods_img/20250304/4856465/4856465_17416598360050_500.jpg
89,001003,시그니처 코튼 머슬핏 긴팔 카라티 (3color),https://www.musinsa.com/products/4315233,https://image.msscdn.net/images/goods_img/20240809/4315233/4315233_17569717681548_500.jpg
90,001003,ASI 스트라이프 럭비 맨투맨 티셔츠 그린/네이비,https://www.musinsa.com/products/2389198,https://image.msscdn.net/images/goods_img/20220228/2389198/2389198_17522135025091_500.jpg
91,001004,카키 셸 피그먼트 후드 다크그레이 SMHD4739,https://www.musinsa.com/products/5650892,https://image.msscdn.net/images/goods_img/20251028/5650892/5650892_17616368147786_500.jpg
92,001004,D15 (기모) 베이직 투웨이 후드집업 블랙,https://www.musinsa.com/products/5684341,https://image.msscdn.net/images/goods_img/20251104/5684341/5684341_17622418054213_500.jpg
93,001004,플리스 후드 - 차콜,https://www.musinsa.com/products/5689603,https://image.msscdn.net/images/goods_img/20251105/5689603/5689603_17643061246277_500.jpg
94,001004,플리스 후드 - 딥네이비,https://www.musinsa.com/products/5689612,https://image.msscdn.net/images/goods_img/20251105/5689612/5689612_17624162044809_500.jpg
95,001004,카키 셸 피그먼트 후드 카키 SMHD4739,https://www.musinsa.com/products/5650902,https://image.msscdn.net/images/goods_img/20251028/5650902/5650902_17616367582793_500.jpg
96,001004,EL [심아일랜드] Cheol-Su 후드티셔츠,https://www.musinsa.com/products/5728332,https://image.msscdn.net/images/goods_img/20251113/5728332/5728332_17630122449633_500.jpg
97,001004,코지 오버핏 크롭 기모 후드 ( 8Color ),https://www.musinsa.com/products/5647455,https://image.msscdn.net/images/goods_img/20251027/5647455/5647455_17621307541238_500.jpg
98,001004,EL [크라잉넛] 플레임 로고 후드티셔츠 3Color,https://www.musinsa.com/products/5758425,https://image.msscdn.net/images/goods_img/20251120/5758425/5758425_17636221619205_500.jpg
99,001004,메트로폴리스 로고 후드 - 블랙 / 17CLSS033A006452W999,https://www.musinsa.com/products/4320086,https://image.msscdn.net/images/goods_img/20240812/4320086/4320086_17249069823729_500.jpg
100,001004,기모 스퀘어 로고 후디_블랙,https://www.musinsa.com/products/5653899,https://image.msscdn.net/images/goods_img/20251028/5653899/5653899_17624983775839_500.jpg
101,001004,mah SPRAY HOODIE _2colors,https://www.musinsa.com/products/5663460,https://image.msscdn.net/images/goods_img/20251030/5663460/5663460_17645560868609_500.jpg
102,001004,플리스 후드 - 1% 멜란지,https://www.musinsa.com/products/5689589,https://image.msscdn.net/images/goods_img/20251105/5689589/5689589_17624167718120_500.jpg
103,001004,벌룬 크롭 후드 [멜란지 그레이],https://www.musinsa.com/products/5687983,https://image.msscdn.net/images/goods_img/20251105/5687983/5687983_17627601139954_500.jpg
104,001004,DD stripe trim hooded long sleeve (SKY BLUE),https://www.musinsa.com/products/5638872,https://image.msscdn.net/images/goods_img/20251024/5638872/5638872_17630941059159_500.jpg
105,001004,기모 CGP 아치 로고 후디_멜란지그레이,https://www.musinsa.com/products/5653887,https://image.msscdn.net/images/goods_img/20251028/5653887/5653887_17624984222600_500.jpg
106,001004,메인 백로고 후디,https://www.musinsa.com/products/3518331,https://image.msscdn.net/images/goods_img/20230831/3518331/3518331_17270542166702_500.jpg
107,001004,기모 유스풀 후디 4color,https://www.musinsa.com/products/4723100,https://image.msscdn.net/images/goods_img/20250115/4723100/4723100_17369961377827_500.jpg
108,001004,어반 스트레이트 크롭 후드 티셔츠 그레이 FHT900C,https://www.musinsa.com/products/5713767,https://image.msscdn.net/images/goods_img/20251111/5713767/5713767_17628501162644_500.jpg
109,001004,챕터 에어 와플 후디 (Beige),https://www.musinsa.com/products/5656527,https://image.msscdn.net/images/goods_img/20251028/5656527/5656527_17637046169373_500.jpg
110,001004,기모 피그먼트 후드 스웨트 블랙,https://www.musinsa.com/products/4649677,https://image.msscdn.net/images/goods_img/20241204/4649677/4649677_17338182184398_500.jpg
111,001004,Whoosh After Hoodie Melange Gray,https://www.musinsa.com/products/5231413,https://image.msscdn.net/images/goods_img/20250708/5231413/5231413_17526382616043_500.jpg
112,001004,스폰지밥 게살버거 먹는 바선생님 자수 후드티셔츠,https://www.musinsa.com/products/5695549,https://image.msscdn.net/images/goods_img/20251106/5695549/5695549_17628466734096_500.jpg
113,001004,TNT BF Hoodie Navy,https://www.musinsa.com/products/3144477,https://image.msscdn.net/images/goods_img/20230313/3144477/3144477_16787715467083_500.jpg
114,001004,로그 오버핏 기모 후드 그레이 YHHD2302,https://www.musinsa.com/products/1615829,https://image.msscdn.net/images/goods_img/20200922/1615829/1615829_1_500.jpg
115,001004,NOISE MOTION LOGO HOODIE (3 COLOR),https://www.musinsa.com/products/4784401,https://image.msscdn.net/images/goods_img/20250213/4784401/4784401_17564333648527_500.jpg
116,001004,기모 스퀘어 로고 후디_그레이쉬블루,https://www.musinsa.com/products/5653897,https://image.msscdn.net/images/goods_img/20251028/5653897/5653897_17634460927094_500.jpg
117,001004,[기모선택] 스포츠 스트링 오버핏 후드 - 블랙,https://www.musinsa.com/products/5653137,https://image.msscdn.net/images/goods_img/20251028/5653137/5653137_17630935028969_500.jpg
118,001004,중량담요 후드티 코코아 브라운,https://www.musinsa.com/products/5659770,https://image.msscdn.net/images/goods_img/20251029/5659770/5659770_17628405145679_500.jpg
119,001004,플로킹 로고 그래픽 후드 티셔츠 (S25FMFHD62) Fog Gray,https://www.musinsa.com/products/5700757,https://image.msscdn.net/images/goods_img/20251107/5700757/5700757_17624972913846_500.jpg
120,001004,STROKE B LOGO EXTRA FIT HOODIE [BLACK],https://www.musinsa.com/products/5631270,https://image.msscdn.net/images/goods_img/20251022/5631270/5631270_17618288551570_500.png
121,001005,NM5MR54J 화이트라벨 다이나모 크루넥 BLACK,https://www.musinsa.com/products/5757332,https://image.msscdn.net/images/goods_img/20251120/5757332/5757332_17636156178452_500.jpg
122,001005,플로킹 로고 그래픽 맨투맨 (S25FMFHT64) Beige Gray,https://www.musinsa.com/products/5700764,https://image.msscdn.net/images/goods_img/20251107/5700764/5700764_17624973150033_500.jpg
123,001005,오버사이즈 크루 스웨트셔츠 - 화이트:블랙 / JY1404,https://www.musinsa.com/products/5693697,https://image.msscdn.net/images/goods_img/20251106/5693697/5693697_17624151771675_500.jpg
124,001005,오버사이즈 크루 스웨트셔츠 - 그린 / KA0467,https://www.musinsa.com/products/5391597,https://image.msscdn.net/images/goods_img/20250902/5391597/5391597_17629924622740_500.jpg
125,001005,90S 트랙 스웨트셔츠 (9colors),https://www.musinsa.com/products/5589008,https://image.msscdn.net/images/goods_img/20251014/5589008/5589008_17616323616435_500.jpg
126,001005,라이트 오가닉 코튼 플리스 가먼트 다이드 맨투맨 - 네이비 / 6100023S0121V0020,https://www.musinsa.com/products/5023585,https://image.msscdn.net/images/goods_img/20250414/5023585/5023585_17461547621129_500.jpg
127,001005,ARCH OG SWEATSHIRT black,https://www.musinsa.com/products/5621902,https://image.msscdn.net/images/goods_img/20251021/5621902/5621902_17610329923097_500.jpg
128,001005,플로킹 로고 그래픽 맨투맨 (S25FMFHT64) Dark Charcoal,https://www.musinsa.com/products/5700765,https://image.msscdn.net/images/goods_img/20251107/5700765/5700765_17624973287317_500.jpg
129,001005,더블 다이아 기모 맨투맨 차콜 UQ423CFSO3,https://www.musinsa.com/products/5686953,https://image.msscdn.net/images/goods_img/20251105/5686953/5686953_17623070860545_500.jpg
130,001005,[2PACK] 이블 다잉 피그먼트 오버핏 맨투맨 SOMT2578,https://www.musinsa.com/products/4455356,https://image.msscdn.net/images/goods_img/20240924/4455356/4455356_17271399239997_500.jpg
131,001005,[2COLORS] 집 포켓 플리스 풀오버,https://www.musinsa.com/products/5746158,https://image.msscdn.net/images/goods_img/20251118/5746158/5746158_17634402186177_500.jpg
132,001005,리버티 아일랜드 오버 핏 스웨트셔츠 [오트밀],https://www.musinsa.com/products/2880248,https://image.msscdn.net/images/goods_img/20221020/2880248/2880248_1_500.jpg
133,001005,(기모ver.)American Flag Sweatshirt / WHMWF4T91U,https://www.musinsa.com/products/5521637,https://image.msscdn.net/images/goods_img/20250924/5521637/5521637_17633633955492_500.jpg
134,001005,솔리드 럭비 스웻 셔츠 (4COLOR),https://www.musinsa.com/products/3076228,https://image.msscdn.net/images/goods_img/20230210/3076228/3076228_17186837210837_500.jpg
135,001005,오버사이즈 크루 스웨트셔츠 - 그레이:블랙 / JY1402,https://www.musinsa.com/products/5693696,https://image.msscdn.net/images/goods_img/20251106/5693696/5693696_17624152025794_500.jpg
136,001005,SPORTY LINE SWEATSHIRTS_DEEP GREEN(IK2DFMM444A),https://www.musinsa.com/products/3464822,https://image.msscdn.net/images/goods_img/20230814/3464822/3464822_16920021110511_500.jpg
137,001005,피크 하이킹 긴팔 셔츠_LC3008400,https://www.musinsa.com/products/5278651,https://image.msscdn.net/images/goods_img/20250729/5278651/5278651_17582579211200_500.png
138,001005,[부루부루도그] 후드 스웨트셔츠_SPMHF4TU01,https://www.musinsa.com/products/5625259,https://image.msscdn.net/images/goods_img/20251022/5625259/5625259_17633642241562_500.jpg
139,001005,INCISION WASHING SWEAT SHIRT,https://www.musinsa.com/products/1813578,https://image.msscdn.net/images/goods_img/20210224/1813578/1813578_1_500.jpg
140,001005,볼드 폭스 헤드 패치 컴포트 맨투맨 - 카다몬 / MM00316KM03210117,https://www.musinsa.com/products/4829062,https://image.msscdn.net/images/goods_img/20250225/4829062/4829062_17412272278434_500.jpg
141,001005,스마일 페이스 맨투맨 LO9TU963_BLACK,https://www.musinsa.com/products/5707988,https://image.msscdn.net/images/goods_img/20251110/5707988/5707988_17627562690860_500.jpg
142,001005,가먼트 다이 콜리지 릴렉스트 핏 크루넥 스웨트셔츠(M) OLIVEDRAB,https://www.musinsa.com/products/5695251,https://image.msscdn.net/images/goods_img/20251106/5695251/5695251_17630034088993_500.jpg
143,001005,Track Pullover (U24DTTS472),https://www.musinsa.com/products/4335513,https://image.msscdn.net/images/goods_img/20240816/4335513/4335513_17260404158725_500.jpg
144,001005,LEOPARD LABEL SWEATSHIRT BROWN (PKHAWSS006_BR),https://www.musinsa.com/products/1690050,https://image.msscdn.net/images/goods_img/20201113/1690050/1690050_1_500.jpg
145,001005,스폰지밥 그래픽 스웨트셔츠,https://www.musinsa.com/products/5694145,https://image.msscdn.net/images/goods_img/20251106/5694145/5694145_17624083595654_500.jpg
146,001005,ESSENTIAL CAPSULE LOGO SWEAT SHIRT (NAVY),https://www.musinsa.com/products/5665257,https://image.msscdn.net/images/goods_img/20251030/5665257/5665257_17617983925899_500.jpg
147,001005,TEAM ARCH COLLEGE SWEATSHIRT heather gray,https://www.musinsa.com/products/3766808,https://image.msscdn.net/images/goods_img/20231226/3766808/3766808_17049492034828_500.jpg
148,001005,MARITHE 1972 SWEAT SET-UP light heather gray,https://www.musinsa.com/products/4312263,https://image.msscdn.net/images/goods_img/20240808/4312263/4312263_17400135274017_500.jpg
149,001005,GUMMY BEAR & LOGO SWEATSHIRTS_ORANGE(NG2DFUM440A),https://www.musinsa.com/products/3465279,https://image.msscdn.net/images/goods_img/20230815/3465279/3465279_16923490966667_500.jpg
150,001005,프레니 맨투맨 그레이 MJMT7407,https://www.musinsa.com/products/1565920,https://image.msscdn.net/images/goods_img/20200827/1565920/1565920_1_500.jpg
151,001006,Embroidery Hairy Stripe Sweater-Charcoal,https://www.musinsa.com/products/5660389,https://image.msscdn.net/images/goods_img/20251029/5660389/5660389_17618828821497_500.jpg
152,001006,소프트 울 블렌드 크루넥 스웨트 니트 블루,https://www.musinsa.com/products/5638117,https://image.msscdn.net/images/goods_img/20251024/5638117/5638117_17623505044665_500.jpg
153,001006,미드넥 하프집업 니트 [딥브라운],https://www.musinsa.com/products/5596264,https://image.msscdn.net/images/goods_img/20251015/5596264/5596264_17624896326960_500.jpg
154,001006,SOFT WOOL BLEND CROP KNIT - 11COLOR,https://www.musinsa.com/products/5729344,https://image.msscdn.net/images/goods_img/20251113/5729344/5729344_17630184913869_500.jpg
155,001006,Gothic Logo Stripe Hairy Knit ((cream*blue)),https://www.musinsa.com/products/5658756,https://image.msscdn.net/images/goods_img/20251029/5658756/5658756_17617122721092_500.jpg
156,001006,미드넥 하프집업 니트 [그레이],https://www.musinsa.com/products/5596274,https://image.msscdn.net/images/goods_img/20251015/5596274/5596274_17624896145021_500.jpg
157,001006,캐시미어 스웨터 / 미드윈터 - 오트 그레이,https://www.musinsa.com/products/5739860,https://image.msscdn.net/images/goods_img/20251116/5739860/5739860_17632743680537_500.jpg
158,001006,헤어리 울 블렌드 하프 집업 니트 - 차콜 그레이,https://www.musinsa.com/products/5688449,https://image.msscdn.net/images/goods_img/20251105/5688449/5688449_17628281549565_500.jpg
159,001006,25 FW 소프트 터치 라운드 크롭 니트 (7컬러),https://www.musinsa.com/products/5717210,https://image.msscdn.net/images/goods_img/20251111/5717210/5717210_17630805010439_500.jpg
160,001006,캐시미어 스웨터 / 미드윈터 - 화이트 멜란지,https://www.musinsa.com/products/5739857,https://image.msscdn.net/images/goods_img/20251116/5739857/5739857_17632742675653_500.jpg
161,001006,Embroidery Hairy Stripe Sweater-Cream,https://www.musinsa.com/products/5659526,https://image.msscdn.net/images/goods_img/20251029/5659526/5659526_17618824321877_500.jpg
162,001006,헤어리 울 블렌드 하프 집업 니트 - 멜란지 브라운,https://www.musinsa.com/products/5688450,https://image.msscdn.net/images/goods_img/20251105/5688450/5688450_17628281359894_500.jpg
163,001006,인시전 반폴라 니트_(3 COLOR),https://www.musinsa.com/products/5760273,https://image.msscdn.net/images/goods_img/20251120/5760273/5760273_17636841178095_500.jpg
164,001006,캐시미어 스웨터 / 미드윈터 - 미디움 그레이,https://www.musinsa.com/products/5739858,https://image.msscdn.net/images/goods_img/20251116/5739858/5739858_17632743394541_500.jpg
165,001006,브러쉬드 초커 니트 - 베이지 / HKS053028250,https://www.musinsa.com/products/2875364,https://image.msscdn.net/images/goods_img/20221019/2875364/2875364_1_500.jpg
166,001006,[Mmlg] HAIRLY STRIPE KNIT (PURPLE),https://www.musinsa.com/products/5530867,https://image.msscdn.net/images/goods_img/20250925/5530867/5530867_17587942546594_500.jpg
167,001006,인텔리 코튼 크루넥 니트 그레이시 그린,https://www.musinsa.com/products/2073785,https://image.msscdn.net/images/goods_img/20210820/2073785/2073785_17636188784165_500.jpg
168,001006,[우연 PICK] [2PACK] 리브드 오버핏 헨리넥 니트,https://www.musinsa.com/products/5692332,https://image.msscdn.net/images/goods_img/20251106/5692332/5692332_17623945046335_500.jpg
169,001006,25 FW 오버핏 헤비 앙고라 세미 크롭 브이넥 니트 (7컬러),https://www.musinsa.com/products/5717138,https://image.msscdn.net/images/goods_img/20251111/5717138/5717138_17639506325727_500.jpg
170,001006,Embroidery Hairy Stripe Sweater-Melange gray,https://www.musinsa.com/products/5658530,https://image.msscdn.net/images/goods_img/20251029/5658530/5658530_17618820108402_500.jpg
171,001006,램스울 크루넥 오버 니트 (애플레드),https://www.musinsa.com/products/3052520,https://image.msscdn.net/images/goods_img/20230201/3052520/3052520_17634471286733_500.jpg
172,001006,퍼지 브이넥 니트 (MELANGE GREY),https://www.musinsa.com/products/5387084,https://image.msscdn.net/images/goods_img/20250902/5387084/5387084_17586799891826_500.jpg
173,001006,VLAD 로고 자수 니트 후드 티셔츠_멜란지,https://www.musinsa.com/products/4671557,https://image.msscdn.net/images/goods_img/20241218/4671557/4671557_17356200847953_500.jpg
174,001006,울 블렌드 믹스컬러 크로스넥 니트 스웨터 (GREEN),https://www.musinsa.com/products/3589655,https://image.msscdn.net/images/goods_img/20230924/3589655/3589655_16963931201269_500.jpg
175,001006,에센셜 울 라운드 니트 [레드],https://www.musinsa.com/products/5388562,https://image.msscdn.net/images/goods_img/20250902/5388562/5388562_17587585553619_500.jpg
176,001006,포트도일 페어아일 크루넥 스웨터 - 브라운,https://www.musinsa.com/products/5713569,https://image.msscdn.net/images/goods_img/20251111/5713569/5713569_17629395992645_500.jpg
177,001006,[에어울]알파카 카라 세미 오버핏 니트 - 2color,https://www.musinsa.com/products/5488511,https://image.msscdn.net/images/goods_img/20250918/5488511/5488511_17593833032020_500.jpg
178,001006,릴렉스 크롭 브이넥 니트 [마젠타],https://www.musinsa.com/products/5736408,https://image.msscdn.net/images/goods_img/20251114/5736408/5736408_17640484463615_500.jpg
179,001006,25 FW 소프트 터치 모크넥  크롭 니트 (4컬러),https://www.musinsa.com/products/5717215,https://image.msscdn.net/images/goods_img/20251111/5717215/5717215_17639509088966_500.jpg
180,001006,하프 집업 리브 니트 탑_그레이,https://www.musinsa.com/products/2917014,https://image.msscdn.net/images/goods_img/20221102/2917014/2917014_1_500.jpg
181,001008,[낫온리포투데이×임땡땡] 22 플리스 버튼 풀오버 [그레이],https://www.musinsa.com/products/5646003,https://image.msscdn.net/images/goods_img/20251027/5646003/5646003_17618718554497_500.jpg
182,001008,[낫온리포투데이×임땡땡] 22 플리스 버튼 풀오버 [브라운],https://www.musinsa.com/products/5646001,https://image.msscdn.net/images/goods_img/20251027/5646001/5646001_17629089278539_500.jpg
183,001008,남성) 셔닐 텍스쳐드 하프 집업_MSE4TR1901,https://www.musinsa.com/products/4384186,https://image.msscdn.net/images/goods_img/20240829/4384186/4384186_17322555114776_500.jpg
184,001008,[낫온리포투데이×임땡땡] 22 플리스 버튼 풀오버 [아이보리],https://www.musinsa.com/products/5645999,https://image.msscdn.net/images/goods_img/20251027/5645999/5645999_17618710616161_500.jpg
185,001008,2WAY 빈티지 피그먼트 워싱 스웨트 집업 [챠콜],https://www.musinsa.com/products/5320097,https://image.msscdn.net/images/goods_img/20250813/5320097/5320097_17579893237813_500.jpg
186,001008,소프트 울 브러쉬 하프 집업 니트_크림,https://www.musinsa.com/products/4551177,https://image.msscdn.net/images/goods_img/20241024/4551177/4551177_17307837635155_500.jpg
187,001008,러닝 컴프레션 롱 슬리브,https://www.musinsa.com/products/4660780,https://image.msscdn.net/images/goods_img/20241211/4660780/4660780_17338963629029_500.jpg
188,001008,ROUND WOVEN PISTE_32YE5F41,https://www.musinsa.com/products/5202842,https://image.msscdn.net/images/goods_img/20250624/5202842/5202842_17544468764651_500.jpg
189,001008,클럽 윈터라이즈드 하프집 M - 민트 폼/칼리지 그레이/라이트 본/화이트 / FZ0898-353,https://www.musinsa.com/products/5617787,https://image.msscdn.net/images/goods_img/20251021/5617787/5617787_17615337020795_500.jpg
190,001008,하프 집업 오버핏 스웨트 셔츠 [크림],https://www.musinsa.com/products/3468301,https://image.msscdn.net/images/goods_img/20230816/3468301/3468301_17276828267056_500.jpg
191,001008,860G 피그먼트 하프 짚업-챠콜-,https://www.musinsa.com/products/2372710,https://image.msscdn.net/images/goods_img/20220221/2372710/2372710_17243908846193_500.jpg
192,001008,멘즈 라이트웨이트 신칠라 스냅-티 풀오버 / 25551Q7,https://www.musinsa.com/products/5353112,https://image.msscdn.net/images/goods_img/20250822/5353112/5353112_17631000876867_500.jpg
193,001008,무브드 코듀로이 반집업 모카베이지,https://www.musinsa.com/products/3673018,https://image.msscdn.net/images/goods_img/20231031/3673018/3673018_16987380873886_500.jpg
194,001008,LIGHT UNIFORM ZIP-UP JERSEY (CHARCOAL),https://www.musinsa.com/products/5411988,https://image.msscdn.net/images/goods_img/20250906/5411988/5411988_17610200921475_500.jpg
195,001008,플리스 하프 집업 블루 (MFIBI8722),https://www.musinsa.com/products/5117160,https://image.msscdn.net/images/goods_img/20250515/5117160/5117160_17484020571152_500.jpg
196,001008,Noise Zip-Up Sweatshirt Khaki,https://www.musinsa.com/products/5234091,https://image.msscdn.net/images/goods_img/20250709/5234091/5234091_17527208423395_500.jpg
197,001008,사계절 기능성 언더레이어 터틀 상의 AR-67 (12컬러),https://www.musinsa.com/products/4385225,https://image.msscdn.net/images/goods_img/20240829/4385225/4385225_17249173848077_500.jpg
198,001008,GD Fleece Pullover Light Pink,https://www.musinsa.com/products/5573854,https://image.msscdn.net/images/goods_img/20251010/5573854/5573854_17604932101363_500.jpg
199,001008,[FC서울] 그래픽 트랙 하프 집업 스웨트 셔츠_블랙,https://www.musinsa.com/products/4407685,https://image.msscdn.net/images/goods_img/20240905/4407685/4407685_17258445983130_500.jpg
200,001008,OG FLEECE PULLOVER black,https://www.musinsa.com/products/5566056,https://image.msscdn.net/images/goods_img/20251002/5566056/5566056_17603427735157_500.jpg
201,001008,소프트 울 브러쉬 하프 집업 니트_네이비,https://www.musinsa.com/products/4551180,https://image.msscdn.net/images/goods_img/20241024/4551180/4551180_17307837502630_500.jpg
202,001008,스몰 C 로고 코듀로이 하프 집업 네이비,https://www.musinsa.com/products/4322628,https://image.msscdn.net/images/goods_img/20240812/4322628/4322628_17260442251184_500.jpg
203,001008,인클라인 라이트 플리스 하프 집업 [카키 브라운],https://www.musinsa.com/products/5466796,https://image.msscdn.net/images/goods_img/20250916/5466796/5466796_17580125227264_500.jpg
204,001008,4 Symbol Pigment Incision High Neck Zip Up - Black,https://www.musinsa.com/products/5272222,https://image.msscdn.net/images/goods_img/20250725/5272222/5272222_17543735813676_500.jpg
205,001008,GD Fleece Pullover Brown,https://www.musinsa.com/products/5573855,https://image.msscdn.net/images/goods_img/20251010/5573855/5573855_17604931677813_500.jpg
206,001008,BREATH HALF ZIPUP - BLACK,https://www.musinsa.com/products/3622217,https://image.msscdn.net/images/goods_img/20231012/3622217/3622217_17083968333056_500.jpg
207,001008,포켓 오버핏 코듀로이 셔켓(블랙),https://www.musinsa.com/products/2057275,https://image.msscdn.net/images/goods_img/20210811/2057275/2057275_16910417518028_500.jpg
208,001008,코인와펜 스트링 반집업,https://www.musinsa.com/products/3094680,https://image.msscdn.net/images/goods_img/20230220/3094680/3094680_16781719139563_500.jpg
209,001008,ASI 포시즌 에센셜 하프 집업 맨투맨_블랙,https://www.musinsa.com/products/4671544,https://image.msscdn.net/images/goods_img/20241218/4671544/4671544_17352607802266_500.jpg
210,001008,Side-Zip Neck Track Top Black,https://www.musinsa.com/products/5556710,https://image.msscdn.net/images/goods_img/20251001/5556710/5556710_17592637290948_500.jpg
211,001010,[하나비 PICK] HEAVY WAFFLE HALF ZIP-UP - BLACK,https://www.musinsa.com/products/5630146,https://image.msscdn.net/images/goods_img/20251022/5630146/5630146_17618843243620_500.jpg
212,001010,GT115 크루맨 스트라이프 롱슬리브 (KHAKI BEIGE),https://www.musinsa.com/products/4780091,https://image.msscdn.net/images/goods_img/20250212/4780091/4780091_17430421494547_500.jpg
213,001010,하이넥 헨리 롱슬리브 [그레이],https://www.musinsa.com/products/5596331,https://image.msscdn.net/images/goods_img/20251015/5596331/5596331_17624901786740_500.jpg
214,001010,베이직 오버핏 긴팔 티셔츠 2Color,https://www.musinsa.com/products/5701636,https://image.msscdn.net/images/goods_img/20251107/5701636/5701636_17624998276014_500.jpg
215,001010,뉴웨이브 더블코튼 카라 긴팔 티셔츠 10종 JDLT1395,https://www.musinsa.com/products/3533457,https://image.msscdn.net/images/goods_img/20230906/3533457/3533457_17170467735439_500.jpg
216,001010,하이넥 헨리 롱슬리브 [블랙],https://www.musinsa.com/products/5596338,https://image.msscdn.net/images/goods_img/20251015/5596338/5596338_17624901488558_500.jpg
217,001010,WASHED BORDER L/S T-SHIRT [CASHEW NUT],https://www.musinsa.com/products/5444959,https://image.msscdn.net/images/goods_img/20250911/5444959/5444959_17591314280213_500.jpg
218,001010,언타이틀 스테리나잇 바이오 워시 롱 슬리브 블랙,https://www.musinsa.com/products/5269049,https://image.msscdn.net/images/goods_img/20250723/5269049/5269049_17533543262664_500.jpg
219,001010,도쿄 텍스쳐 와플 헨리넥 그레이,https://www.musinsa.com/products/5684888,https://image.msscdn.net/images/goods_img/20251104/5684888/5684888_17622467418257_500.jpg
220,001010,[DIVEIN X 패플서] RIBBED LONG SLEEVE (MELANGE GRAY),https://www.musinsa.com/products/5754030,https://image.msscdn.net/images/goods_img/20251119/5754030/5754030_17636254302521_500.jpg
221,001010,하이넥 헨리 롱슬리브 [차콜],https://www.musinsa.com/products/5596336,https://image.msscdn.net/images/goods_img/20251015/5596336/5596336_17624901633126_500.jpg
222,001010,[3COLORS] 스트라이프 후디드 롱 슬리브 티셔츠,https://www.musinsa.com/products/4758471,https://image.msscdn.net/images/goods_img/20250205/4758471/4758471_17630000225728_500.jpg
223,001010,페이드 스트라이프 롱 슬리브 (BLACK),https://www.musinsa.com/products/5335617,https://image.msscdn.net/images/goods_img/20250819/5335617/5335617_17575704689692_500.jpg
224,001010,멀티 스트라이프 래글런 단가라 레이어링 롱슬리브 [블루],https://www.musinsa.com/products/5371574,https://image.msscdn.net/images/goods_img/20250828/5371574/5371574_17563380505989_500.jpg
225,001010,원 포인트 롱슬리브 티셔츠(M) WHITE,https://www.musinsa.com/products/5695275,https://image.msscdn.net/images/goods_img/20251106/5695275/5695275_17630035002970_500.jpg
226,001010,베이직 헨리넥 와플 롱슬리브_블랙,https://www.musinsa.com/products/5361759,https://image.msscdn.net/images/goods_img/20250826/5361759/5361759_17575694983872_500.jpg
227,001010,Nylon Block String T-Shirts [2 Colors],https://www.musinsa.com/products/3508051,https://image.msscdn.net/images/goods_img/20230829/3508051/3508051_16934698249730_500.jpg
228,001010,세미 오버핏 릴렉스드 긴팔 니트 티셔츠 [화이트],https://www.musinsa.com/products/4749995,https://image.msscdn.net/images/goods_img/20250202/4749995/4749995_17556749767796_500.jpg
229,001010,멀티 스트라이프 릴렉스드 긴소매 티셔츠 1 [블랙/블루],https://www.musinsa.com/products/3134802,https://image.msscdn.net/images/goods_img/20230309/3134802/3134802_16817879236073_500.jpg
230,001010,클레식 럭비 스트라이프 티셔츠 (3 COLOR),https://www.musinsa.com/products/3076232,https://image.msscdn.net/images/goods_img/20230210/3076232/3076232_17187005447835_500.jpg
231,001010,루즈핏 스트라이프 긴팔티 ( 4Color ),https://www.musinsa.com/products/4886453,https://image.msscdn.net/images/goods_img/20250312/4886453/4886453_17446801696038_500.jpg
232,001010,남성) 브러시드 립 터틀넥 긴팔티_MSE4TU1003,https://www.musinsa.com/products/4688247,https://image.msscdn.net/images/goods_img/20241231/4688247/4688247_17356317749420_500.jpg
233,001010,스쿱넥 롱슬리브 티셔츠 [화이트],https://www.musinsa.com/products/4998501,https://image.msscdn.net/images/goods_img/20250408/4998501/4998501_17630146838329_500.jpg
234,001010,레드 하트 로고 티셔츠 - 헤더 그레이 / BFUTS2357240951,https://www.musinsa.com/products/4866282,https://image.msscdn.net/images/goods_img/20250306/4866282/4866282_17417580248431_500.jpg
235,001010,PAISLEY TAG LONGSLEEVE - BROWN,https://www.musinsa.com/products/5396880,https://image.msscdn.net/images/goods_img/20250903/5396880/5396880_17573022052107_500.jpg
236,001010,립 커프스 헨리 넥 긴소매 티셔츠 [블랙],https://www.musinsa.com/products/5218330,https://image.msscdn.net/images/goods_img/20250701/5218330/5218330_17538755658873_500.jpg
237,001010,언타이틀 스테리나잇 스몰 스트라이프 롱 슬리브 블랙차콜,https://www.musinsa.com/products/5269053,https://image.msscdn.net/images/goods_img/20250723/5269053/5269053_17533535396725_500.jpg
238,001010,BIG LOGO WOVEN MTM_32YC5F22,https://www.musinsa.com/products/5289715,https://image.msscdn.net/images/goods_img/20250804/5289715/5289715_17542829184374_500.jpg
239,001010,헤일 코튼 크롭 피그먼트 롱슬리브 티셔츠 [CHARCOAL],https://www.musinsa.com/products/5384983,https://image.msscdn.net/images/goods_img/20250901/5384983/5384983_17567128324998_500.jpg
240,001010,스트라이프 헨리넥 롱슬리브 티셔츠 [네이비],https://www.musinsa.com/products/5304909,https://image.msscdn.net/images/goods_img/20250808/5304909/5304909_17587588274658_500.jpg
241,001011,에센셜 탱크 탑 2팩,https://www.musinsa.com/products/4767951,https://image.msscdn.net/images/goods_img/20250207/4767951/4767951_17461712582659_500.jpg
242,001011,레이어드 슬리브리스 탑_일반 기장 [화이트],https://www.musinsa.com/products/2086660,https://image.msscdn.net/images/goods_img/20210825/2086660/2086660_17048492714259_500.jpg
243,001011,BRN ECLIPSE SEAMLESS SLEEVELESS [BLACK],https://www.musinsa.com/products/5662671,https://image.msscdn.net/images/goods_img/20251029/5662671/5662671_17618165772677_500.jpg
244,001011,스탠다드 무지 나시,https://www.musinsa.com/products/3285956,https://image.msscdn.net/images/goods_img/20230509/3285956/3285956_17410503759391_500.jpg
245,001011,오가닉 코튼 슬리브리스 (3COLOR),https://www.musinsa.com/products/4074761,https://image.msscdn.net/images/goods_img/20240422/4074761/4074761_17391729185950_500.jpg
246,001011,[2PACK] 헤비 골지 머슬핏 슬리브리스 나시 (3컬러),https://www.musinsa.com/products/5079642,https://image.msscdn.net/images/goods_img/20250429/5079642/5079642_17516005491473_500.jpg
247,001011,릴랙싱 루즈핏 슬리브리스 XSMWC01J2,https://www.musinsa.com/products/5236336,https://image.msscdn.net/images/goods_img/20250709/5236336/5236336_17520410812702_500.jpg
248,001011,RAISEBORN NEW DEEP FIT SLEEVELESS [BLACK],https://www.musinsa.com/products/4909414,https://image.msscdn.net/images/goods_img/20250318/4909414/4909414_17430632918979_500.jpg
249,001011,[짐웨어] 심볼 자수 골지 머슬핏 슬리브리스 (3COLOR),https://www.musinsa.com/products/5086508,https://image.msscdn.net/images/goods_img/20250502/5086508/5086508_17516005876351_500.jpg
250,001011,레이어드 슬리브리스 탑_긴 기장 2팩,https://www.musinsa.com/products/2122563,https://image.msscdn.net/images/goods_img/20210910/2122563/2122563_17133412732011_500.jpg
251,001011,B-SYMBOL LOGO SLEEVELESS_NON MESH VER [BLACK],https://www.musinsa.com/products/3794829,https://image.msscdn.net/images/goods_img/20240115/3794829/3794829_17585244108085_500.jpg
252,001011,피그먼트 머슬핏 데미지 슬리브리스_4color,https://www.musinsa.com/products/5068881,https://image.msscdn.net/images/goods_img/20250427/5068881/5068881_17471284649905_500.jpg
253,001011,[2 PACK] 레이어드 트임 나시 (2color),https://www.musinsa.com/products/1852718,https://image.msscdn.net/images/goods_img/20210318/1852718/1852718_17158436415816_500.jpg
254,001011,UNIFORM SLEEVELESS (6COLOR),https://www.musinsa.com/products/5159260,https://image.msscdn.net/images/goods_img/20250530/5159260/5159260_17521108066561_500.jpg
255,001011,[2PACK] 오버핏 쿨 마이크로아이스 슬리브리스 6COLOR,https://www.musinsa.com/products/1466673,https://image.msscdn.net/images/goods_img/20200528/1466673/1466673_17477879236093_500.jpg
256,001011,B 무지 머슬핏 레이어드 슬리브리스_블랙,https://www.musinsa.com/products/2968980,https://image.msscdn.net/images/goods_img/20221202/2968980/2968980_17485707119005_500.jpg
257,001011,스탠다드 로고 절개 나시 - 블랙,https://www.musinsa.com/products/4247493,https://image.msscdn.net/images/goods_img/20240712/4247493/4247493_17417555803001_500.jpg
258,001011,카미드 슬리브리스,https://www.musinsa.com/products/4602668,https://image.msscdn.net/images/goods_img/20241111/4602668/4602668_17314720439088_500.png
259,001011,OTR B TANK IN1499,https://www.musinsa.com/products/3946288,https://image.msscdn.net/images/goods_img/20240313/3946288/3946288_17102926410902_500.jpg
260,001011,시그니처 머슬핏 립브드 슬리브리스_5color,https://www.musinsa.com/products/4888736,https://image.msscdn.net/images/goods_img/20250312/4888736/4888736_17421913895057_500.jpg
261,001011,10.5 oz Cotton Tank Top,https://www.musinsa.com/products/2005542,https://image.msscdn.net/images/goods_img/20210622/2005542/2005542_17557369389185_500.jpg
262,001011,P2447 절개 골지 슬림 나시 [2 COLOR],https://www.musinsa.com/products/4216823,https://image.msscdn.net/images/goods_img/20240625/4216823/4216823_17200709972787_500.jpg
263,001011,[쿨탠다드] 레이어드 슬리브리스 탑_일반기장 2팩,https://www.musinsa.com/products/3075253,https://image.msscdn.net/images/goods_img/20230210/3075253/3075253_17138588522656_500.jpg
264,001011,[2PACK] 스탠다드 레이어드 롱 슬리브리스,https://www.musinsa.com/products/1402327,https://image.msscdn.net/images/goods_img/20200413/1402327/1402327_17495405930713_500.jpg
265,001011,아치 로고 나시,https://www.musinsa.com/products/2225649,https://image.msscdn.net/images/goods_img/20211110/2225649/2225649_17446804283636_500.jpg
266,001011,에센셜 리브드 바디핏 탱크 (Black),https://www.musinsa.com/products/5046740,https://image.msscdn.net/images/goods_img/20250421/5046740/5046740_17466690088615_500.jpg
267,001011,[우연 × ESFAI] VTG SLEEVELESS (CHARCOAL),https://www.musinsa.com/products/4936661,https://image.msscdn.net/images/goods_img/20250324/4936661/4936661_17428099020420_500.jpg
268,001011,ESSENTIAL SLIM RIBBED SLEEVELESS [BLACK],https://www.musinsa.com/products/5238524,https://image.msscdn.net/images/goods_img/20250709/5238524/5238524_17585268824091_500.jpg
269,001011,레이어드 슬리브리스 탑_일반 기장 2팩,https://www.musinsa.com/products/2122564,https://image.msscdn.net/images/goods_img/20210910/2122564/2122564_17133411609203_500.jpg
270,001011,히트기어 아머 컴프레션 슬리브리스 1361522-001,https://www.musinsa.com/products/1855218,https://image.msscdn.net/images/goods_img/20210319/1855218/1855218_1_500.jpg
271,002001,UNISEX 패디드 볼륨 블루종 봄버 점퍼 [KHAKI] / SBE3U07006,https://www.musinsa.com/products/5652420,https://image.msscdn.net/images/goods_img/20251028/5652420/5652420_17616220978372_500.jpg
272,002001,MA-1 TWOWAY WELLON SHORT JUMPER,https://www.musinsa.com/products/5701364,https://image.msscdn.net/images/goods_img/20251107/5701364/5701364_17624993017161_500.jpg
273,002001,[데일리룸 PICK] 울 패디드 헤링턴 자켓 [브라운],https://www.musinsa.com/products/5595263,https://image.msscdn.net/images/goods_img/20251015/5595263/5595263_17624897190905_500.jpg
274,002001,레더 카라 트윌 블루종 워크 자켓 [베이지],https://www.musinsa.com/products/4729529,https://image.msscdn.net/images/goods_img/20250120/4729529/4729529_17394973613286_500.jpg
275,002001,[리제임스 PICK] 코듀로이 블루종 자켓 (브라운),https://www.musinsa.com/products/5615159,https://image.msscdn.net/images/goods_img/20251020/5615159/5615159_17627434750760_500.jpg
276,002001,UNISEX 패디드 볼륨 블루종 봄버 점퍼 [BLACK] / SBE3U07006,https://www.musinsa.com/products/5652422,https://image.msscdn.net/images/goods_img/20251028/5652422/5652422_17616221087452_500.jpg
277,002001,N-2B 베이직 / 7835952033 세이지,https://www.musinsa.com/products/5655776,https://image.msscdn.net/images/goods_img/20251028/5655776/5655776_17616450643088_500.jpg
278,002001,[데일리룸 PICK] 플라이트 크롭 패디드 MA-1 [블랙],https://www.musinsa.com/products/5595064,https://image.msscdn.net/images/goods_img/20251015/5595064/5595064_17624901173636_500.jpg
279,002001,울 블렌드 해링턴 패디드 자켓 - 딥 차콜,https://www.musinsa.com/products/5691142,https://image.msscdn.net/images/goods_img/20251105/5691142/5691142_17623435452482_500.jpg
280,002001,코튼 하트로고 집업 재킷 - 네이비 / HJK040CO01034011,https://www.musinsa.com/products/4789428,https://image.msscdn.net/images/goods_img/20250214/4789428/4789428_17401055405355_500.jpg
281,002001,미니멀 투웨이 카라 봄버 자켓 (다크 그레이,https://www.musinsa.com/products/5673646,https://image.msscdn.net/images/goods_img/20251031/5673646/5673646_17618954277520_500.jpg
282,002001,Hooded Fur MA-1 Jacket (Khaki),https://www.musinsa.com/products/5685152,https://image.msscdn.net/images/goods_img/20251104/5685152/5685152_17624175974383_500.jpg
283,002001,Spitfire 베지터블 레더 블루종 AHUDW25501BRD,https://www.musinsa.com/products/5678973,https://image.msscdn.net/images/goods_img/20251103/5678973/5678973_17621568596897_500.jpg
284,002001,카라 퍼 트리밍 플리스 무스탕 오버핏 항공 블루종 점퍼_2COLOR,https://www.musinsa.com/products/5719178,https://image.msscdn.net/images/goods_img/20251112/5719178/5719178_17629096231893_500.jpg
285,002001,울 블렌드 해링턴 패디드 자켓 - 브라운,https://www.musinsa.com/products/5691143,https://image.msscdn.net/images/goods_img/20251105/5691143/5691143_17623436757507_500.jpg
286,002001,필드 투웨이 카라 봄버 자켓 (블랙,https://www.musinsa.com/products/5673649,https://image.msscdn.net/images/goods_img/20251031/5673649/5673649_17618954316027_500.jpg
287,002001,Fur Camo Contrast Jacket (Khaki),https://www.musinsa.com/products/5685161,https://image.msscdn.net/images/goods_img/20251104/5685161/5685161_17624177347818_500.jpg
288,002001,클래식 A-2 울 블루종 차콜,https://www.musinsa.com/products/5554771,https://image.msscdn.net/images/goods_img/20250930/5554771/5554771_17603225425627_500.jpg
289,002001,플라이트 셔링 MA-1 카키,https://www.musinsa.com/products/5582257,https://image.msscdn.net/images/goods_img/20251013/5582257/5582257_17624239087604_500.jpg
290,002001,울 블렌드 2-WAY 카라 블루종 블랙,https://www.musinsa.com/products/4408657,https://image.msscdn.net/images/goods_img/20240905/4408657/4408657_17255123986603_500.jpg
291,002001,릴렉스드 미니멀 재킷 [브라운],https://www.musinsa.com/products/4134288,https://image.msscdn.net/images/goods_img/20240516/4134288/4134288_17235346937409_500.jpg
292,002001,헤리티지 울 헤링턴 자켓 프렌치 차콜,https://www.musinsa.com/products/5532349,https://image.msscdn.net/images/goods_img/20250925/5532349/5532349_17593228939101_500.jpg
293,002001,미니멀 리파인드 울 블루종 자켓 [BLACK],https://www.musinsa.com/products/4711493,https://image.msscdn.net/images/goods_img/20250110/4711493/4711493_17367441778925_500.jpg
294,002001,울(WOOL) 헤링턴 자켓_네이비,https://www.musinsa.com/products/2996686,https://image.msscdn.net/images/goods_img/20221226/2996686/2996686_17636018028793_500.jpg
295,002001,피그다잉 워크 자켓 블루종_Charcoal,https://www.musinsa.com/products/4505184,https://image.msscdn.net/images/goods_img/20241010/4505184/4505184_17567909301182_500.jpg
296,002001,ACTIVE MA-1 HOODED PARKA _ OLIVE,https://www.musinsa.com/products/5563267,https://image.msscdn.net/images/goods_img/20251001/5563267/5563267_17600762450092_500.jpg
297,002001,헤일리 크롭 울 후드 집업 브라운,https://www.musinsa.com/products/5410151,https://image.msscdn.net/images/goods_img/20250905/5410151/5410151_17622320992219_500.jpg
298,002001,미니멀 플라이트 재킷 [건메탈],https://www.musinsa.com/products/4619896,https://image.msscdn.net/images/goods_img/20241118/4619896/4619896_17435808145280_500.jpg
299,002001,하이넥 크롭 봄버 자켓 - 그레이,https://www.musinsa.com/products/5513664,https://image.msscdn.net/images/goods_img/20250923/5513664/5513664_17586048000577_500.jpg
300,002001,울 블렌드 해링턴 재킷 [토프],https://www.musinsa.com/products/4160243,https://image.msscdn.net/images/goods_img/20240528/4160243/4160243_17259510867241_500.jpg
301,002002,크롭 스웨이드 자켓 (2 STYLE),https://www.musinsa.com/products/5614815,https://image.msscdn.net/images/goods_img/20251020/5614815/5614815_17616371126924_500.jpg
302,002002,버튼 비건 레더 자켓 - 블랙,https://www.musinsa.com/products/3825932,https://image.msscdn.net/images/goods_img/20240126/3825932/3825932_17259501162852_500.jpg
303,002002,FAKE LEATHER SINGLE JACKET [DARK BROWN],https://www.musinsa.com/products/5655077,https://image.msscdn.net/images/goods_img/20251028/5655077/5655077_17618846497122_500.jpg
304,002002,ITALY LAMBSKIN A2 JACKET [BLACK],https://www.musinsa.com/products/5580420,https://image.msscdn.net/images/goods_img/20251013/5580420/5580420_17605750300157_500.jpg
305,002002,ITALY LAMBSKIN SINGLE JACKET [BLACK],https://www.musinsa.com/products/5580375,https://image.msscdn.net/images/goods_img/20251013/5580375/5580375_17604191161295_500.jpg
306,002002,워시드 레터링 자수 레더 자켓_블랙,https://www.musinsa.com/products/4340680,https://image.msscdn.net/images/goods_img/20240819/4340680/4340680_17254181997763_500.jpg
307,002002,Faux Leather Fur Jacket Khaki,https://www.musinsa.com/products/5736089,https://image.msscdn.net/images/goods_img/20251114/5736089/5736089_17631007321504_500.png
308,002002,비건 레더 투 포켓 블루종 자켓 [카키],https://www.musinsa.com/products/4729522,https://image.msscdn.net/images/goods_img/20250120/4729522/4729522_17386478294622_500.jpg
309,002002,워시드 PU 레더 MA-1 (DARK BROWN),https://www.musinsa.com/products/3504445,https://image.msscdn.net/images/goods_img/20230828/3504445/3504445_16971714788403_500.jpg
310,002002,페이크 레더 탑스티치 블루종  블랙,https://www.musinsa.com/products/4451596,https://image.msscdn.net/images/goods_img/20240923/4451596/4451596_17270600747458_500.jpg
311,002002,아크 하이넥 레더 패딩 블루종 자켓,https://www.musinsa.com/products/5646629,https://image.msscdn.net/images/goods_img/20251027/5646629/5646629_17615413453063_500.jpg
312,002002,램스킨 포켓 자켓 [브라운],https://www.musinsa.com/products/3828180,https://image.msscdn.net/images/goods_img/20240129/3828180/3828180_17103978076552_500.jpg
313,002002,페이크 레더 버티컬 라인 점퍼  애쉬,https://www.musinsa.com/products/4812500,https://image.msscdn.net/images/goods_img/20250220/4812500/4812500_17400361714647_500.jpg
314,002002,오버핏 미니멀 레이싱 바이커 블루종 레더 자켓 [브라운],https://www.musinsa.com/products/5398627,https://image.msscdn.net/images/goods_img/20250903/5398627/5398627_17580721772933_500.jpg
315,002002,워시드 하이넥 비건레더 자켓 - 블랙,https://www.musinsa.com/products/5511407,https://image.msscdn.net/images/goods_img/20250923/5511407/5511407_17585930548083_500.jpg
316,002002,페이크 레더 재킷  블랙 (214911BY45),https://www.musinsa.com/products/4393380,https://image.msscdn.net/images/goods_img/20240902/4393380/4393380_17252678739110_500.jpg
317,002002,[해피가이정호 PICK] 퀼팅 파이어맨  레더 자켓_블랙,https://www.musinsa.com/products/5560435,https://image.msscdn.net/images/goods_img/20251001/5560435/5560435_17592997122790_500.jpg
318,002002,신세틱 레더 카페 레이서 재킷 [블랙],https://www.musinsa.com/products/4671617,https://image.msscdn.net/images/goods_img/20241218/4671617/4671617_17375028396577_500.jpg
319,002002,스웨이드 투웨이 집업 바이커 자켓 블랙,https://www.musinsa.com/products/4260954,https://image.msscdn.net/images/goods_img/20240719/4260954/4260954_17230160808613_500.jpg
320,002002,신세틱 레더 하이넥 블루종 재킷 [블랙],https://www.musinsa.com/products/3435463,https://image.msscdn.net/images/goods_img/20230731/3435463/3435463_16982090210678_500.jpg
321,002002,레더 스탠다드 바이커 자켓 [블랙],https://www.musinsa.com/products/5319918,https://image.msscdn.net/images/goods_img/20250813/5319918/5319918_17592004260480_500.jpg
322,002002,8012 비건레더후드점퍼_블랙,https://www.musinsa.com/products/2311620,https://image.msscdn.net/images/goods_img/20220118/2311620/2311620_2_500.jpg
323,002002,오버핏 램스킨 봄버 점퍼,https://www.musinsa.com/products/1576679,https://image.msscdn.net/images/goods_img/20200901/1576679/1576679_4_500.jpg
324,002002,비건 스웨이드 바이커 자켓_3Color,https://www.musinsa.com/products/3927174,https://image.msscdn.net/images/goods_img/20240306/3927174/3927174_17568668915223_500.jpg
325,002002,A-2 레더 블루종 자켓 [BROWN],https://www.musinsa.com/products/5363203,https://image.msscdn.net/images/goods_img/20250826/5363203/5363203_17588499118290_500.jpg
326,002002,87-STAN009 [리뉴얼] 스탠다드 블루종 스웨이드 자켓 크랙 블랙,https://www.musinsa.com/products/5278132,https://image.msscdn.net/images/goods_img/20250729/5278132/5278132_17550710767084_500.jpg
327,002002,비건 스웨이드 바이커 자켓_Dark Brown,https://www.musinsa.com/products/4399374,https://image.msscdn.net/images/goods_img/20240903/4399374/4399374_17567071786706_500.jpg
328,002002,스톤 워시드 데님 레이서 재킷 [워시드 그레이],https://www.musinsa.com/products/4714975,https://image.msscdn.net/images/goods_img/20250113/4714975/4714975_17544590623157_500.jpg
329,002002,[유튜버 PICK] 비건 레더 워크 자켓_블랙,https://www.musinsa.com/products/4679425,https://image.msscdn.net/images/goods_img/20241224/4679425/4679425_17574656817849_500.jpg
330,002002,스웨이드 스탠다드 바이커 자켓 [블랙],https://www.musinsa.com/products/4457682,https://image.msscdn.net/images/goods_img/20240924/4457682/4457682_17531574061006_500.jpg
331,002003,25 FW 헤링본 맥카라 크롭 블레이저,https://www.musinsa.com/products/5717266,https://image.msscdn.net/images/goods_img/20251111/5717266/5717266_17630760637132_500.jpg
332,002003,[이도현 PICK] 울 블렌드 트래디셔널 아웃 포켓 블레이저 [차콜 그레이],https://www.musinsa.com/products/5205789,https://image.msscdn.net/images/goods_img/20250625/5205789/5205789_17616073480537_500.jpg
333,002003,프렌치 울 트위드 블레이저,https://www.musinsa.com/products/4384039,https://image.msscdn.net/images/goods_img/20240829/4384039/4384039_17258778553515_500.jpg
334,002003,헤리티지 블레이저 시리즈,https://www.musinsa.com/products/2723772,https://image.msscdn.net/images/goods_img/20220818/2723772/2723772_17152500620750_500.jpg
335,002003,[HIS] 울 헤링본 자켓_다크그레이,https://www.musinsa.com/products/5602200,https://image.msscdn.net/images/goods_img/20251016/5602200/5602200_17621494296072_500.jpg
336,002003,신세틱 스웨이드 오버사이즈 3버튼 블레이저 [라이트 브라운],https://www.musinsa.com/products/5205781,https://image.msscdn.net/images/goods_img/20250625/5205781/5205781_17555933546918_500.jpg
337,002003,세미 오버 스웨이드 블레이저_Brown,https://www.musinsa.com/products/4805294,https://image.msscdn.net/images/goods_img/20250219/4805294/4805294_17445940034296_500.jpg
338,002003,클래식 버튼 스웨이드 블레이저 (DARK BROWN),https://www.musinsa.com/products/5361513,https://image.msscdn.net/images/goods_img/20250826/5361513/5361513_17573216829942_500.jpg
339,002003,울 체크 오버핏 블레이저 (GUNCLUB CHECK),https://www.musinsa.com/products/3639653,https://image.msscdn.net/images/goods_img/20231019/3639653/3639653_17623130838325_500.jpg
340,002003,FAUX 스웨이드 블레이저 자켓_모카,https://www.musinsa.com/products/5367969,https://image.msscdn.net/images/goods_img/20250827/5367969/5367969_17564353607527_500.jpg
341,002003,발란스자켓  라이트&패커블 - 블랙,https://www.musinsa.com/products/1563718,https://image.msscdn.net/images/goods_img/20200826/1563718/1563718_3_500.jpg
342,002003,메이플 코듀로이 퀼팅 패딩 자켓 3컬러,https://www.musinsa.com/products/5693481,https://image.msscdn.net/images/goods_img/20251106/5693481/5693481_17624135724763_500.jpg
343,002003,[COUTURE]스웨이드 오버핏 자켓,https://www.musinsa.com/products/5289775,https://image.msscdn.net/images/goods_img/20250804/5289775/5289775_17635385008200_500.jpg
344,002003,[이도현 PICK] 시티 워커스 몰스킨 블레이저 [다크 그레이],https://www.musinsa.com/products/5205795,https://image.msscdn.net/images/goods_img/20250625/5205795/5205795_17576684022871_500.jpg
345,002003,플루이드 싱글 스웨이드 블레이저 [CHESTNUT BROWN],https://www.musinsa.com/products/4702371,https://image.msscdn.net/images/goods_img/20250107/4702371/4702371_17369185634048_500.jpg
346,002003,헤리티지 울 블레이저_하운드투스 브라운,https://www.musinsa.com/products/5349424,https://image.msscdn.net/images/goods_img/20250821/5349424/5349424_17557605624626_500.jpg
347,002003,남성) 싱글 블레이저 (SET MSE3PP1501)_MSE4KG1501,https://www.musinsa.com/products/4341410,https://image.msscdn.net/images/goods_img/20240819/4341410/4341410_17532552534467_500.jpg
348,002003,Redford Wool Blended Herringbone Jacket (Beige) TNJA5F105I2,https://www.musinsa.com/products/4293552,https://image.msscdn.net/images/goods_img/20240802/4293552/4293552_17579871642713_500.jpg
349,002003,[노홍철 컬래버] 럭키 가이 블레이저 [블랙],https://www.musinsa.com/products/5258798,https://image.msscdn.net/images/goods_img/20250721/5258798/5258798_17580144171485_500.jpg
350,002003,[사계절][세트상품] 커스터마이징 핏 셋업 수트 (블랙),https://www.musinsa.com/products/2792419,https://image.msscdn.net/images/goods_img/20220914/2792419/2792419_17171237843031_500.jpg
351,002003,남성) 울블렌드 블레이저_MSE4KG1502,https://www.musinsa.com/products/4391139,https://image.msscdn.net/images/goods_img/20240902/4391139/4391139_17286274289086_500.jpg
352,002003,오버사이즈 코듀로이 블레이저 [브라운],https://www.musinsa.com/products/1597676,https://image.msscdn.net/images/goods_img/20200911/1597676/1597676_17010747836613_500.jpg
353,002003,도미넌트 크롭 너치드 스웨이드 자켓 카멜,https://www.musinsa.com/products/5410386,https://image.msscdn.net/images/goods_img/20250905/5410386/5410386_17570652034435_500.jpg
354,002003,코듀로이 퍼티그 블레이저 자켓_브라운,https://www.musinsa.com/products/2818315,https://image.msscdn.net/images/goods_img/20220926/2818315/2818315_17278396298025_500.jpg
355,002003,[SET UP]세미 와이드 팬츠&오버핏 수트 정장 세트 2Color,https://www.musinsa.com/products/4566688,https://image.msscdn.net/images/goods_img/20241028/4566688/4566688_17303669668513_500.jpg
356,002003,[SET][COUTURE]코듀로이 오버핏 셋업 블랙,https://www.musinsa.com/products/5489833,https://image.msscdn.net/images/goods_img/20250918/5489833/5489833_17593007045342_500.jpg
357,002003,Redford Wool Blended Herringbone Jacket (Deep Brown) TNJA5F105W2,https://www.musinsa.com/products/4293554,https://image.msscdn.net/images/goods_img/20240802/4293554/4293554_17579870502159_500.jpg
358,002003,"컴포트 코튼 쓰리버튼 자켓 셋업, Dark navy",https://www.musinsa.com/products/5396167,https://image.msscdn.net/images/goods_img/20250903/5396167/5396167_17572178590670_500.jpg
359,002003,오버사이즈 도브 울 블레이저 [D.BROWN],https://www.musinsa.com/products/2315115,https://image.msscdn.net/images/goods_img/20220119/2315115/2315115_17364096635902_500.jpg
360,002003,시티 워커스 8W 코듀로이 블레이저 [다크 올리브],https://www.musinsa.com/products/5205799,https://image.msscdn.net/images/goods_img/20250625/5205799/5205799_17576443700715_500.jpg
361,002004,UB 배색 레더 울 바시티 자켓_핑크,https://www.musinsa.com/products/4252317,https://image.msscdn.net/images/goods_img/20240716/4252317/4252317_17556557902038_500.jpg
362,002004,오디너리 헤비 바시티자켓 (네이비),https://www.musinsa.com/products/4633480,https://image.msscdn.net/images/goods_img/20241125/4633480/4633480_17333854782738_500.jpg
363,002004,홈보이 울 바시티 자켓_오렌지,https://www.musinsa.com/products/4252321,https://image.msscdn.net/images/goods_img/20240716/4252321/4252321_17618040364916_500.jpg
364,002004,몬텔로 코듀로이 바시티 자켓 GREEN,https://www.musinsa.com/products/3585837,https://image.msscdn.net/images/goods_img/20230922/3585837/3585837_16953446693990_500.jpg
365,002004,70230 코듀로이 바시티자켓_그린,https://www.musinsa.com/products/3520393,https://image.msscdn.net/images/goods_img/20230901/3520393/3520393_16938001371046_500.jpg
366,002004,라쿠 베이스볼 오버자켓(네이비),https://www.musinsa.com/products/2093817,https://image.msscdn.net/images/goods_img/20210827/2093817/2093817_4_500.jpg
367,002004,Satin Jacket Olive,https://www.musinsa.com/products/3812670,https://image.msscdn.net/images/goods_img/20240122/3812670/3812670_17068501308934_500.jpg
368,002004,커브드 파이핑 라인 집업 울 바시티 자켓 (GRAY),https://www.musinsa.com/products/3139316,https://image.msscdn.net/images/goods_img/20230310/3139316/3139316_16784219590960_500.jpg
369,002004,VTG 워시드 크루 자켓 블랙,https://www.musinsa.com/products/4786057,https://image.msscdn.net/images/goods_img/20250213/4786057/4786057_17425245701240_500.jpg
370,002004,OG 라이트 스타디움 자켓-블랙,https://www.musinsa.com/products/3117874,https://image.msscdn.net/images/goods_img/20230302/3117874/3117874_16777416513645_500.jpg
371,002004,GD Dancing Bears Baseball Jacket Blue,https://www.musinsa.com/products/4441874,https://image.msscdn.net/images/goods_img/20240918/4441874/4441874_17270653964232_500.jpg
372,002004,울(WOOL) 바시티 자켓_네이비,https://www.musinsa.com/products/2752809,https://image.msscdn.net/images/goods_img/20220830/2752809/2752809_17388178850129_500.jpg
373,002004,MLB 뉴욕양키스 월드시리즈 패치 스타디움 재킷 블랙,https://www.musinsa.com/products/3557766,https://image.msscdn.net/images/goods_img/20230913/3557766/3557766_16946555757159_500.jpg
374,002004,SP 한야 수베니어 자켓 블랙,https://www.musinsa.com/products/5548555,https://image.msscdn.net/images/goods_img/20250930/5548555/5548555_17611027932049_500.jpg
375,002004,헤비코튼 가먼트 스타디움 바시티 자켓 스톤블랙,https://www.musinsa.com/products/5431067,https://image.msscdn.net/images/goods_img/20250909/5431067/5431067_17591993879133_500.jpg
376,002004,미니멀 울 카라드 자켓_네이비,https://www.musinsa.com/products/4502315,https://image.msscdn.net/images/goods_img/20241010/4502315/4502315_17509032809519_500.jpg
377,002004,87-STAN008 [리뉴얼] 파이핑 카라 바시티 레더 자켓 블랙,https://www.musinsa.com/products/3390496,https://image.msscdn.net/images/goods_img/20230630/3390496/3390496_17551512881281_500.jpg
378,002004,클래식 테디 재킷 - 블랙:화이트 / 354718Y180W1070,https://www.musinsa.com/products/4419282,https://image.msscdn.net/images/goods_img/20240909/4419282/4419282_17273163887589_500.jpg
379,002004,MLB 뉴욕 양키스 나일론 스타디움 재킷 세이지 그린,https://www.musinsa.com/products/5472966,https://image.msscdn.net/images/goods_img/20250916/5472966/5472966_17588675520625_500.jpg
380,002004,MLB 샌디에이고 파드리스 어센틱 스타디움 재킷 브라운,https://www.musinsa.com/products/5472991,https://image.msscdn.net/images/goods_img/20250916/5472991/5472991_17588795489476_500.jpg
381,002004,ILLUMINATI STADIUM JK (BLACK),https://www.musinsa.com/products/5452666,https://image.msscdn.net/images/goods_img/20250912/5452666/5452666_17592218186485_500.jpg
382,002004,MLB LA다저스 스타디움 재킷 블랙,https://www.musinsa.com/products/4525859,https://image.msscdn.net/images/goods_img/20241016/4525859/4525859_17303410419130_500.jpg
383,002004,울 스타디움 라인 집업 자켓 [BLACK],https://www.musinsa.com/products/3030682,https://image.msscdn.net/images/goods_img/20230118/3030682/3030682_17629152428707_500.jpg
384,002004,홈보이 울 바시티 자켓_블랙,https://www.musinsa.com/products/4252319,https://image.msscdn.net/images/goods_img/20240716/4252319/4252319_17621387702388_500.jpg
385,002004,(패딩or논패딩 선택) 코듀로이 래글런 자켓_핑크,https://www.musinsa.com/products/3439975,https://image.msscdn.net/images/goods_img/20230801/3439975/3439975_17346618498463_500.jpg
386,002004,Records Varsity Jacket Black,https://www.musinsa.com/products/3008113,https://image.msscdn.net/images/goods_img/20230105/3008113/3008113_16733987717553_500.jpg
387,002004,나일론 블로킹 컬시브 바시티 자켓 NY (Navy),https://www.musinsa.com/products/5396662,https://image.msscdn.net/images/goods_img/20250903/5396662/5396662_17610977407006_500.jpg
388,002004,Y.E.S Snail Logo Stadium Jacket Navy,https://www.musinsa.com/products/5473478,https://image.msscdn.net/images/goods_img/20250916/5473478/5473478_17585951957617_500.jpg
389,002004,MLB 시카고 화이트삭스 어센틱 스타디움 재킷 블랙,https://www.musinsa.com/products/5472985,https://image.msscdn.net/images/goods_img/20250916/5472985/5472985_17588803066521_500.jpg
390,002004,코듀로이 바시티 자켓 네이비,https://www.musinsa.com/products/2352895,https://image.msscdn.net/images/goods_img/20220210/2352895/2352895_1_500.jpg
391,002006,루즈핏 숏 보아 점퍼,https://www.musinsa.com/products/1204133,https://image.msscdn.net/images/goods_img/20191028/1204133/1204133_1_500.jpg
392,002006,GORE-TEX 2L Reversible Jacket Brown,https://www.musinsa.com/products/5711882,https://image.msscdn.net/images/goods_img/20251111/5711882/5711882_17629302671693_500.jpg
393,002006,NJ3LQ11B 남성 슬라이트 후디 자켓,https://www.musinsa.com/products/4455686,https://image.msscdn.net/images/goods_img/20240924/4455686/4455686_17271414520367_500.jpg
394,002006,클래식 긴팔 피스테 아이보리(UP321CWT97),https://www.musinsa.com/products/4281709,https://image.msscdn.net/images/goods_img/20240730/4281709/4281709_17231742248668_500.jpg
395,002006,"라이트 후디드 자켓, 올리브 그레이",https://www.musinsa.com/products/4528034,https://image.msscdn.net/images/goods_img/20241017/4528034/4528034_17291462330763_500.jpg
396,002006,필드 재킷 - 블랙 / 22CTCUB04025999,https://www.musinsa.com/products/3203396,https://image.msscdn.net/images/goods_img/20230404/3203396/3203396_16862091996188_500.jpg
397,002006,프론트 트웨인 지퍼 윈드 브레이커 네이비,https://www.musinsa.com/products/3893715,https://image.msscdn.net/images/goods_img/20240223/3893715/3893715_17091901764179_500.jpg
398,002006,빅 포켓 메탈 나일론 후드 집업 윈드브레이커 [그레이],https://www.musinsa.com/products/4856618,https://image.msscdn.net/images/goods_img/20250304/4856618/4856618_17418624347327_500.jpg
399,002006,루즈 벌룬핏 우븐 후드 자켓 (4 COLOURS),https://www.musinsa.com/products/2723159,https://image.msscdn.net/images/goods_img/20220817/2723159/2723159_2_500.jpg
400,002006,나일론 윈드 필드 자켓 [BLACK]_COOSJP026BLACK,https://www.musinsa.com/products/1310247,https://image.msscdn.net/images/goods_img/20200218/1310247/1310247_17416611156431_500.jpg
401,002006,ACG 스미스 서밋 UV 재킷 M - 블랙:앤트러사이트:서밋 화이트 / HV0599-010,https://www.musinsa.com/products/5609638,https://image.msscdn.net/images/goods_img/20251017/5609638/5609638_17613526642207_500.jpg
402,002006,베타 듀스포 바람막이 (블랙),https://www.musinsa.com/products/3148002,https://image.msscdn.net/images/goods_img/20230314/3148002/3148002_16952608944785_500.jpg
403,002006,유틸리티 에센셜 윈드브레이커 (브라운,https://www.musinsa.com/products/5444290,https://image.msscdn.net/images/goods_img/20250911/5444290/5444290_17582671552927_500.jpg
404,002006,체크 패턴 후드 집업 윈드브레이커_퍼플,https://www.musinsa.com/products/5276071,https://image.msscdn.net/images/goods_img/20250728/5276071/5276071_17545509405049_500.jpg
405,002006,스타라이트 카모 윈드브레이커,https://www.musinsa.com/products/5429077,https://image.msscdn.net/images/goods_img/20250909/5429077/5429077_17574027253798_500.jpg
406,002006,AECA WASHED CLOVER BAYPORT JACKET-BURGUNDY,https://www.musinsa.com/products/5103549,https://image.msscdn.net/images/goods_img/20250512/5103549/5103549_17557637063047_500.jpg
407,002006,리버 유틸리티 자켓 - 블랙 / TT2310-JK02BK,https://www.musinsa.com/products/3187664,https://image.msscdn.net/images/goods_img/20230329/3187664/3187664_16805237454475_500.jpg
408,002006,오버핏 스프링 헌팅 코치 자켓 네이비,https://www.musinsa.com/products/4874109,https://image.msscdn.net/images/goods_img/20250310/4874109/4874109_17415744474613_500.jpg
409,002006,Track Zip Up Jacket Navy,https://www.musinsa.com/products/5431549,https://image.msscdn.net/images/goods_img/20250909/5431549/5431549_17582585087905_500.jpg
410,002006,TCOS 러너 자켓 (BLUE),https://www.musinsa.com/products/3052054,https://image.msscdn.net/images/goods_img/20230201/3052054/3052054_16769394262861_500.jpg
411,002006,시티 레저 시어 윈드브레이커 재킷 [그레이쉬 베이지],https://www.musinsa.com/products/3793567,https://image.msscdn.net/images/goods_img/20240112/3793567/3793567_17098687027755_500.jpg
412,002006,NJ2HR51L 화이트라벨 빈티지 네오 베이든 자켓 NAVY,https://www.musinsa.com/products/5408723,https://image.msscdn.net/images/goods_img/20250905/5408723/5408723_17579843852440_500.jpg
413,002006,스페셜 후드 바람막이_3color,https://www.musinsa.com/products/3865936,https://image.msscdn.net/images/goods_img/20240214/3865936/3865936_17576423440467_500.jpg
414,002006,GORE-TEX 3L All Weather Jacket Black,https://www.musinsa.com/products/5711883,https://image.msscdn.net/images/goods_img/20251111/5711883/5711883_17629241991778_500.jpg
415,002006,크롬 R 멀티포켓 봄버 재킷 - 블랙 / 18CMOW010A005904G999,https://www.musinsa.com/products/4719225,https://image.msscdn.net/images/goods_img/20250114/4719225/4719225_17375992876719_500.jpg
416,002006,컨버터블 플리스 레이어드 우븐 자켓[블랙],https://www.musinsa.com/products/5507466,https://image.msscdn.net/images/goods_img/20250922/5507466/5507466_17622182323810_500.jpg
417,002006,[기본 OR 후디 선택] [배색Ver.] 2-WAY 테크 숏 자켓_차콜,https://www.musinsa.com/products/4292079,https://image.msscdn.net/images/goods_img/20240802/4292079/4292079_17429726769864_500.jpg
418,002006,크롬 R 미디움 재킷 - 블랙 / 18CMOW011A005904G999,https://www.musinsa.com/products/4719226,https://image.msscdn.net/images/goods_img/20250114/4719226/4719226_17375993525942_500.jpg
419,002006,3S 윈드브레이커 - 블랙 / JE6325,https://www.musinsa.com/products/5198837,https://image.msscdn.net/images/goods_img/20250620/5198837/5198837_17506590438333_500.jpg
420,002006,체크 패턴 후드 집업 윈드브레이커_카키 브라운,https://www.musinsa.com/products/5276074,https://image.msscdn.net/images/goods_img/20250728/5276074/5276074_17545510547216_500.jpg
421,002007,남성 발마칸 코트_EPF4CC1404,https://www.musinsa.com/products/5671894,https://image.msscdn.net/images/goods_img/20251031/5671894/5671894_17618963530727_500.jpg
422,002007,카멜 울 오버핏 발마칸 코트 - 차콜,https://www.musinsa.com/products/5691180,https://image.msscdn.net/images/goods_img/20251105/5691180/5691180_17623435573372_500.jpg
423,002007,NEVIS BALMACAN COAT [BLACK],https://www.musinsa.com/products/5666852,https://image.msscdn.net/images/goods_img/20251030/5666852/5666852_17623297405618_500.jpg
424,002007,오드 카코트 / 다크 네이비,https://www.musinsa.com/products/5739878,https://image.msscdn.net/images/goods_img/20251116/5739878/5739878_17632772342673_500.jpg
425,002007,벌킨 울 발마칸 롱 코트 (블랙),https://www.musinsa.com/products/5594787,https://image.msscdn.net/images/goods_img/20251015/5594787/5594787_17615488702763_500.jpg
426,002007,벌킨 울 피크드 더블 코트 (블랙),https://www.musinsa.com/products/5594769,https://image.msscdn.net/images/goods_img/20251015/5594769/5594769_17615487946562_500.jpg
427,002007,헤어리 알파카 블렌드 대디 숄더 싱글 롱 코트 [그레이],https://www.musinsa.com/products/4209287,https://image.msscdn.net/images/goods_img/20240620/4209287/4209287_17297463674436_500.jpg
428,002007,셔틀랜드 울 오버사이즈 발마칸 코트 [그레이],https://www.musinsa.com/products/4209294,https://image.msscdn.net/images/goods_img/20240620/4209294/4209294_17278602186488_500.jpg
429,002007,[ON]울 혼방 발마칸 오버핏 롱 코트 - 2color,https://www.musinsa.com/products/5526257,https://image.msscdn.net/images/goods_img/20250924/5526257/5526257_17627594889900_500.jpg
430,002007,하이넥 스웨이드 스탠다드 빅포켓 부클 하프 싱글 코트 자켓[블랙],https://www.musinsa.com/products/5702341,https://image.msscdn.net/images/goods_img/20251107/5702341/5702341_17625038618340_500.jpg
431,002007,프리미어 퓨어 캐시미어 히든 싱글 코트 [BEIGEISH GREY],https://www.musinsa.com/products/2818892,https://image.msscdn.net/images/goods_img/20220926/2818892/2818892_17588714965645_500.jpg
432,002007,캐시미어 블렌드 스트럭처 발마칸 코트 카키 IECO5F003K2,https://www.musinsa.com/products/5642023,https://image.msscdn.net/images/goods_img/20251024/5642023/5642023_17612924355071_500.jpg
433,002007,벌킨 울 피크드 더블 코트 (차콜),https://www.musinsa.com/products/5594783,https://image.msscdn.net/images/goods_img/20251015/5594783/5594783_17615488059298_500.jpg
434,002007,Wool Alpaca Shawl Collar Half Coat_Black,https://www.musinsa.com/products/5671596,https://image.msscdn.net/images/goods_img/20251031/5671596/5671596_17618806080625_500.jpg
435,002007,울 오버핏 발마칸 코트 - 브라운,https://www.musinsa.com/products/5691181,https://image.msscdn.net/images/goods_img/20251105/5691181/5691181_17623435555499_500.jpg
436,002007,CASHMERE LAMBSWOOL UNIFORM MAC COAT (BLACK),https://www.musinsa.com/products/5655574,https://image.msscdn.net/images/goods_img/20251028/5655574/5655574_17630212698644_500.jpg
437,002007,울 하프 코트 AHCAW25511BKX,https://www.musinsa.com/products/5678747,https://image.msscdn.net/images/goods_img/20251103/5678747/5678747_17621580809070_500.jpg
438,002007,Rover Coat Charcoal,https://www.musinsa.com/products/5211756,https://image.msscdn.net/images/goods_img/20250627/5211756/5211756_17613680674131_500.jpg
439,002007,울 100 패디드 카코트 - 차콜,https://www.musinsa.com/products/5691161,https://image.msscdn.net/images/goods_img/20251105/5691161/5691161_17623435514184_500.jpg
440,002007,벌킨 울 피크드 더블 코트 (다크 브라운),https://www.musinsa.com/products/5594786,https://image.msscdn.net/images/goods_img/20251015/5594786/5594786_17615488306219_500.jpg
441,002007,[변우석 착용] 울/캐시미어 혼방 싱글 코트 074917 [4color],https://www.musinsa.com/products/4539930,https://image.msscdn.net/images/goods_img/20241021/4539930/4539930_17313059248134_500.jpg
442,002007,오버핏 울 발마칸 코트_3Color,https://www.musinsa.com/products/5596303,https://image.msscdn.net/images/goods_img/20251015/5596303/5596303_17605142526875_500.jpg
443,002007,캐시미어 블렌드 스트럭처 발마칸 코트 그레이 IECO5F003G2,https://www.musinsa.com/products/5642019,https://image.msscdn.net/images/goods_img/20251024/5642019/5642019_17612924207139_500.jpg
444,002007,캐시미어 울 패디드 카코트 - 블랙,https://www.musinsa.com/products/5691160,https://image.msscdn.net/images/goods_img/20251105/5691160/5691160_17623435493598_500.jpg
445,002007,오드 카코트 / 카페 브라운,https://www.musinsa.com/products/5739879,https://image.msscdn.net/images/goods_img/20251116/5739879/5739879_17632771395029_500.jpg
446,002007,남녀공용 캐시미어 발마칸 롱코트 [블랙]_ZD4CT010,https://www.musinsa.com/products/1812495,https://image.msscdn.net/images/goods_img/20210224/1812495/1812495_17296722486563_500.jpg
447,002007,두굿_캐시미어 오버핏 맥 코트 - 2color,https://www.musinsa.com/products/5489914,https://image.msscdn.net/images/goods_img/20250918/5489914/5489914_17618048362708_500.jpg
448,002007,FORTEX 펠트 오버사이즈 발마칸 코트 [블랙],https://www.musinsa.com/products/5205737,https://image.msscdn.net/images/goods_img/20250625/5205737/5205737_17611206632811_500.jpg
449,002007,Rio handmade wool notched half double coat black,https://www.musinsa.com/products/5356200,https://image.msscdn.net/images/goods_img/20250822/5356200/5356200_17622568395092_500.jpg
450,002007,벌킨 울 발마칸 롱 코트 (다크 브라운),https://www.musinsa.com/products/5594792,https://image.msscdn.net/images/goods_img/20251015/5594792/5594792_17615488925121_500.jpg
451,002008,싱글 브레스티드 코트 - 네이비 블루 / HCO003WV0001491,https://www.musinsa.com/products/3293824,https://image.msscdn.net/images/goods_img/20230512/3293824/3293824_16867246913637_500.jpg
452,002008,샤프 개버딘 코트 - 아티초크 / JSMU105101MU202000330SS22,https://www.musinsa.com/products/3044786,https://image.msscdn.net/images/goods_img/20230127/3044786/3044786_16817987759897_500.jpg
453,002008,롱 켄싱턴 헤리티지 트렌치 코트 - 블랙 / 8079384,https://www.musinsa.com/products/4202567,https://image.msscdn.net/images/goods_img/20240618/4202567/4202567_17217896805637_500.jpg
454,002008,Burn Beige Coat,https://www.musinsa.com/products/4552250,https://image.msscdn.net/images/goods_img/20241024/4552250/4552250_17297406714449_500.jpg
455,002008,Burn Black Coat,https://www.musinsa.com/products/4552254,https://image.msscdn.net/images/goods_img/20241024/4552254/4552254_17297407047551_500.jpg
456,002008,하프코트 - 2color MYCA2102,https://www.musinsa.com/products/3003552,https://image.msscdn.net/images/goods_img/20230103/3003552/3003552_17044190887800_500.jpg
457,002008,오버사이즈 트렌치코트 (FL-012),https://www.musinsa.com/products/680961,https://image.msscdn.net/images/goods_img/20171130/680961/680961_22_500.jpg
458,002008,시티 레저 CN 오버사이즈 발마칸 트렌치 코트 [그레이],https://www.musinsa.com/products/4845467,https://image.msscdn.net/images/goods_img/20250228/4845467/4845467_17419089858460_500.jpg
459,002008,[노윤서 착장] 패딩 더플 코트 블랙,https://www.musinsa.com/products/4479777,https://image.msscdn.net/images/goods_img/20241002/4479777/4479777_17304286562124_500.jpg
460,002008,오버사이즈 발마칸 트렌치 코트 [블랙],https://www.musinsa.com/products/4594017,https://image.msscdn.net/images/goods_img/20241106/4594017/4594017_17369119667186_500.jpg
461,002008,British Gas Cape Coat Black,https://www.musinsa.com/products/5415954,https://image.msscdn.net/images/goods_img/20250908/5415954/5415954_17574689567439_500.jpg
462,002008,루드 부클레 하프 코트 [미드나잇 블랙],https://www.musinsa.com/products/5550427,https://image.msscdn.net/images/goods_img/20250930/5550427/5550427_17592029243999_500.jpg
463,002008,울 트렌치 코트 (네이비),https://www.musinsa.com/products/722573,https://image.msscdn.net/images/goods_img/20180223/722573/722573_3_500.jpg
464,002008,벨벳 데님 미드렝스 후드 코트 블랙,https://www.musinsa.com/products/5553277,https://image.msscdn.net/images/goods_img/20250930/5553277/5553277_17603527671780_500.jpg
465,002008,센티널 후디드 필드 파카 - 워시드 블랙,https://www.musinsa.com/products/5483099,https://image.msscdn.net/images/goods_img/20250918/5483099/5483099_17585175566283_500.jpg
466,002008,Voyager Half Balmacaan Coat (Black),https://www.musinsa.com/products/4954977,https://image.msscdn.net/images/goods_img/20250327/4954977/4954977_17433837373935_500.jpg
467,002008,루드 부클레 하프 코트 [카키 브라운],https://www.musinsa.com/products/5550428,https://image.msscdn.net/images/goods_img/20250930/5550428/5550428_17592029839586_500.jpg
468,002008,발마칸 트렌치 로브 코트 (다크브라운),https://www.musinsa.com/products/2748158,https://image.msscdn.net/images/goods_img/20220828/2748158/2748158_1_500.jpg
469,002008,TCM vintage fishtail jacket (khaki),https://www.musinsa.com/products/5404722,https://image.msscdn.net/images/goods_img/20250904/5404722/5404722_17580071391959_500.jpg
470,002008,NYLON COAT [NAVY],https://www.musinsa.com/products/3062789,https://image.msscdn.net/images/goods_img/20230206/3062789/3062789_16756869456423_500.jpg
471,002008,Easy Mac Coat - 2 Color,https://www.musinsa.com/products/4799299,https://image.msscdn.net/images/goods_img/20250218/4799299/4799299_17399329213359_500.jpg
472,002008,오버핏 래글런 싱글 코트 카키,https://www.musinsa.com/products/3086678,https://image.msscdn.net/images/goods_img/20230215/3086678/3086678_16817852376087_500.jpg
473,002008,TCM vintage fishtail jacket (brown),https://www.musinsa.com/products/5404720,https://image.msscdn.net/images/goods_img/20250904/5404720/5404720_17580071612121_500.jpg
474,002008,워시드 수티앵 코트 GREY,https://www.musinsa.com/products/4352075,https://image.msscdn.net/images/goods_img/20240821/4352075/4352075_17244025125093_500.jpg
475,002008,히든 후드 파이핑 롱 후드 코트 [NAVY],https://www.musinsa.com/products/1467366,https://image.msscdn.net/images/goods_img/20200529/1467366/1467366_2_500.jpg
476,002008,시티 레저 CN 오버사이즈 발마칸 트렌치 코트 [블랙],https://www.musinsa.com/products/4845466,https://image.msscdn.net/images/goods_img/20250228/4845466/4845466_17416755739427_500.jpg
477,002008,발마칸 트렌치코트 블랙 ZG5TC502BK,https://www.musinsa.com/products/4480085,https://image.msscdn.net/images/goods_img/20241002/4480085/4480085_17278322921927_500.jpg
478,002008,디테치드 키트 발마칸 코트_KHAKI BG,https://www.musinsa.com/products/1821205,https://image.msscdn.net/images/goods_img/20210302/1821205/1821205_17543688679782_500.jpg
479,002008,피 코트 블랙,https://www.musinsa.com/products/3956163,https://image.msscdn.net/images/goods_img/20240314/3956163/3956163_17286308708688_500.jpg
480,002008,몰스킨 카 코트 브라운,https://www.musinsa.com/products/5479909,https://image.msscdn.net/images/goods_img/20250917/5479909/5479909_17582428398098_500.jpg
481,002009,25 FW 헤링본 울 숏 코트,https://www.musinsa.com/products/5717280,https://image.msscdn.net/images/goods_img/20251111/5717280/5717280_17630837806587_500.jpg
482,002009,미니멀 시퀀스 패치포켓 발마칸 울 코트 MCO105 / 3COLOR,https://www.musinsa.com/products/5634369,https://image.msscdn.net/images/goods_img/20251023/5634369/5634369_17627404550020_500.jpg
483,002009,패디드 울 발마칸 코트 (브라운스트라이프),https://www.musinsa.com/products/5753151,https://image.msscdn.net/images/goods_img/20251119/5753151/5753151_17636225693187_500.jpg
484,002009,피 코트_SAND BLACK,https://www.musinsa.com/products/5588769,https://image.msscdn.net/images/goods_img/20251014/5588769/5588769_17615338145057_500.png
485,002009,WOOL BLEND RIBBON HALF COAT (GREY),https://www.musinsa.com/products/5676884,https://image.msscdn.net/images/goods_img/20251103/5676884/5676884_17629371650256_500.jpg
486,002009,캐시미어 블렌드 핸드메이드 맥 코트_다크네이비,https://www.musinsa.com/products/5611474,https://image.msscdn.net/images/goods_img/20251020/5611474/5611474_17624002431047_500.jpg
487,002009,오버사이즈 멜톤 콘보이 더플 코트 블랙,https://www.musinsa.com/products/2157780,https://image.msscdn.net/images/goods_img/20211001/2157780/2157780_3_500.jpg
488,002009,울 블렌드 오버사이즈 발마칸 더플 코트 [네이비],https://www.musinsa.com/products/3405546,https://image.msscdn.net/images/goods_img/20230712/3405546/3405546_16971656291211_500.jpg
489,002009,미니멀 시퀀스 패치포켓 발마칸 울 코트 MCO105 [BLACK],https://www.musinsa.com/products/5634372,https://image.msscdn.net/images/goods_img/20251023/5634372/5634372_17627404826314_500.jpg
490,002009,"퓨어 울 스탠드 카라 코트, 브라운",https://www.musinsa.com/products/5676072,https://image.msscdn.net/images/goods_img/20251103/5676072/5676072_17621345493614_500.jpg
491,002009,25 FW 헤링본 울 하프 코트,https://www.musinsa.com/products/5717278,https://image.msscdn.net/images/goods_img/20251111/5717278/5717278_17630832357692_500.jpg
492,002009,퓨어 발마칸 코트 베이지우드,https://www.musinsa.com/products/3620086,https://image.msscdn.net/images/goods_img/20231011/3620086/3620086_16970260229528_500.jpg
493,002009,유니섹스 발마칸 더플 숏 코트 (BLACK),https://www.musinsa.com/products/2863075,https://image.msscdn.net/images/goods_img/20221014/2863075/2863075_1_500.jpg
494,002009,WOOL BLEND RIBBON HALF COAT (BLACK),https://www.musinsa.com/products/5676883,https://image.msscdn.net/images/goods_img/20251103/5676883/5676883_17629372852659_500.jpg
495,002009,패디드 랩 트렌치 코트 (블랙),https://www.musinsa.com/products/5753154,https://image.msscdn.net/images/goods_img/20251119/5753154/5753154_17636233657995_500.jpg
496,002009,울 크롭 하이넥 숏 코트,https://www.musinsa.com/products/4527355,https://image.msscdn.net/images/goods_img/20241017/4527355/4527355_17307082855950_500.jpg
497,002009,OVERSIZED PEA COAT DARK BROWN,https://www.musinsa.com/products/4451791,https://image.msscdn.net/images/goods_img/20240923/4451791/4451791_17270636880600_500.jpg
498,002009,디테처블 후드 더플 하프 코트_DARK NAVY,https://www.musinsa.com/products/4523092,https://image.msscdn.net/images/goods_img/20241016/4523092/4523092_17303778771929_500.png
499,002009,CB 세미 오버 후드 숏 코트 (블랙),https://www.musinsa.com/products/3693302,https://image.msscdn.net/images/goods_img/20231107/3693302/3693302_16995290818757_500.jpg
500,002009,GOOSE DOWN HALF COAT (BLACK),https://www.musinsa.com/products/5727825,https://image.msscdn.net/images/goods_img/20251113/5727825/5727825_17630098730575_500.jpg
501,002009,오버사이즈 멜톤 더플 롱 코트 네이비,https://www.musinsa.com/products/2238440,https://image.msscdn.net/images/goods_img/20211117/2238440/2238440_1_500.jpg
502,002009,투웨이 유틸리티 필드 코트 (차콜),https://www.musinsa.com/products/5618623,https://image.msscdn.net/images/goods_img/20251021/5618623/5618623_17612021674536_500.jpg
503,002009,울 블렌드 부클 하프 코트 [네이비],https://www.musinsa.com/products/5425144,https://image.msscdn.net/images/goods_img/20250909/5425144/5425144_17618857744032_500.jpg
504,002009,맥시 멜톤 울 발마칸 코트 - 차콜 그레이,https://www.musinsa.com/products/5348295,https://image.msscdn.net/images/goods_img/20250821/5348295/5348295_17629206983559_500.jpg
505,002009,[넌블랭크X패션플래닛] 발마칸 코트_DARK NAVY,https://www.musinsa.com/products/5588865,https://image.msscdn.net/images/goods_img/20251014/5588865/5588865_17617252578044_500.png
506,002009,두굿_울혼방후드더플롱코트 - 2color MYCA7151,https://www.musinsa.com/products/4438293,https://image.msscdn.net/images/goods_img/20240912/4438293/4438293_17630852469004_500.jpg
507,002009,Hairy Double Half Coat [ Black ],https://www.musinsa.com/products/5623349,https://image.msscdn.net/images/goods_img/20251021/5623349/5623349_17610420562294_500.jpg
508,002009,오버사이즈 멜톤 콘보이 더플 코트 네이비,https://www.musinsa.com/products/2238412,https://image.msscdn.net/images/goods_img/20211117/2238412/2238412_2_500.jpg
509,002009,헤링본 스트럭처 발마칸 코트 브라운 IECO5F002W2,https://www.musinsa.com/products/5531055,https://image.msscdn.net/images/goods_img/20250925/5531055/5531055_17587868900991_500.jpg
510,002009,[이도현 PICK] 캐시미어 블렌드 오버사이즈 더블 로브 코트 [블랙],https://www.musinsa.com/products/5205707,https://image.msscdn.net/images/goods_img/20250625/5205707/5205707_17610116051142_500.jpg
511,002012,Toray Slice Down Jacket Black,https://www.musinsa.com/products/5661667,https://image.msscdn.net/images/goods_img/20251029/5661667/5661667_17617251642257_500.jpg
512,002012,LIGHT PUFFER JACKET [GRAY],https://www.musinsa.com/products/5694636,https://image.msscdn.net/images/goods_img/20251106/5694636/5694636_17624101579905_500.jpg
513,002012,후드 립스탑 푸퍼 다운 브라운,https://www.musinsa.com/products/5553518,https://image.msscdn.net/images/goods_img/20250930/5553518/5553518_17645539145413_500.jpg
514,002012,[AW25] SHADOW PUFFER DOWN PARKA / SOOTY BLACK,https://www.musinsa.com/products/5655204,https://image.msscdn.net/images/goods_img/20251028/5655204/5655204_17616394742271_500.jpg
515,002012,Panel Stud Puffer Jacket - Black,https://www.musinsa.com/products/5625747,https://image.msscdn.net/images/goods_img/20251022/5625747/5625747_17615350215491_500.jpg
516,002012,Brown Hoodie Down Puffer Jacket CQUAW25711BRD,https://www.musinsa.com/products/5661353,https://image.msscdn.net/images/goods_img/20251029/5661353/5661353_17629284580368_500.jpg
517,002012,[적립금 10%] NBNPF41063 / UNI 액티브 숏 후드형 헤비 다운자켓 (TAUPE),https://www.musinsa.com/products/5653925,https://image.msscdn.net/images/goods_img/20251028/5653925/5653925_17621563323401_500.jpg
518,002012,[UNISEX] 헤비 다운 자켓 BLACK,https://www.musinsa.com/products/3703304,https://image.msscdn.net/images/goods_img/20231110/3703304/3703304_17241587482220_500.jpg
519,002012,REVERSIBLE PADDED JACKET BLACK,https://www.musinsa.com/products/5672267,https://image.msscdn.net/images/goods_img/20251031/5672267/5672267_17618887404714_500.jpg
520,002012,Gloss Nylon Puffer Jacket - Grey,https://www.musinsa.com/products/5625748,https://image.msscdn.net/images/goods_img/20251022/5625748/5625748_17615406767358_500.jpg
521,002012,수페리어 다운 자켓 남성 - LGY / JBWIWMDJ084,https://www.musinsa.com/products/5673049,https://image.msscdn.net/images/goods_img/20251031/5673049/5673049_17618967064077_500.jpg
522,002012,NJ1DR61J 화이트라벨 칼데라 다운 자켓 (RDS) BLACK,https://www.musinsa.com/products/5683549,https://image.msscdn.net/images/goods_img/20251104/5683549/5683549_17622372449640_500.jpg
523,002012,(우먼) 하프 코튼 트윌 패딩 점퍼_블랙,https://www.musinsa.com/products/5645810,https://image.msscdn.net/images/goods_img/20251027/5645810/5645810_17624992245474_500.jpg
524,002012,구스 다운 푸퍼 - 블랙,https://www.musinsa.com/products/5691133,https://image.msscdn.net/images/goods_img/20251105/5691133/5691133_17623435408884_500.jpg
525,002012,HOODED DUCK DOWN JACKET BLACK,https://www.musinsa.com/products/5672237,https://image.msscdn.net/images/goods_img/20251031/5672237/5672237_17622205251804_500.jpg
526,002012,[ x 서지수] 프리미어 후드 볼패딩 - 블랙,https://www.musinsa.com/products/5590482,https://image.msscdn.net/images/goods_img/20251014/5590482/5590482_17617228873594_500.jpg
527,002012,미니멀 경량 후디드 패딩 자켓 _Gray,https://www.musinsa.com/products/5658718,https://image.msscdn.net/images/goods_img/20251029/5658718/5658718_17617120121525_500.jpg
528,002012,Soft Shetland Wool Alpaca Puffer Jacket_Brown,https://www.musinsa.com/products/5634003,https://image.msscdn.net/images/goods_img/20251023/5634003/5634003_17634319839376_500.jpg
529,002012,미니멀 경량 후디드 패딩 자켓 _Beige,https://www.musinsa.com/products/5658688,https://image.msscdn.net/images/goods_img/20251029/5658688/5658688_17617117328206_500.jpg
530,002012,[적립금 10%] NBNPF41063 / UNI 액티브 숏 후드형 헤비 다운자켓 (BLACK),https://www.musinsa.com/products/5653927,https://image.msscdn.net/images/goods_img/20251028/5653927/5653927_17624990072557_500.jpg
531,002012,페이크 레더 논퀼팅 푸퍼 재킷  블랙,https://www.musinsa.com/products/5683945,https://image.msscdn.net/images/goods_img/20251104/5683945/5683945_17622396149565_500.jpg
532,002012,NJ3NR84J 화이트라벨 웨이브 온 자켓 BLACK,https://www.musinsa.com/products/5747447,https://image.msscdn.net/images/goods_img/20251118/5747447/5747447_17634462832894_500.jpg
533,002012,크롭 푸퍼 워크 자켓 점퍼 블랙,https://www.musinsa.com/products/5648232,https://image.msscdn.net/images/goods_img/20251027/5648232/5648232_17615506534695_500.jpg
534,002012,REVERSIBLE PADDED JACKET GREY,https://www.musinsa.com/products/5672264,https://image.msscdn.net/images/goods_img/20251031/5672264/5672264_17618894526402_500.jpg
535,002012,쉐이드 쉘 라이트 다운 푸퍼 패딩 라이트그레이,https://www.musinsa.com/products/5695250,https://image.msscdn.net/images/goods_img/20251106/5695250/5695250_17625006782048_500.jpg
536,002012,스웨이드 푸퍼_SPJPG11C15,https://www.musinsa.com/products/5691957,https://image.msscdn.net/images/goods_img/20251106/5691957/5691957_17623868419349_500.jpg
537,002012,스포츠웨어 클럽 써마 핏 패딩 재킷 M - 블랙:화이트 / IB2976-010,https://www.musinsa.com/products/5622377,https://image.msscdn.net/images/goods_img/20251021/5622377/5622377_17615350305563_500.jpg
538,002012,수페리어 다운 자켓 남성 - BK / JBWIWMDJ082,https://www.musinsa.com/products/5673048,https://image.msscdn.net/images/goods_img/20251031/5673048/5673048_17618966958561_500.jpg
539,002012,[적립금 10%] NBNPF41033 / UNI 액티브 숏 다운 자켓 (TAUPE),https://www.musinsa.com/products/5653905,https://image.msscdn.net/images/goods_img/20251028/5653905/5653905_17624994157380_500.jpg
540,002012,니트칼라 숏 패딩 점퍼_DARK GREY,https://www.musinsa.com/products/5663756,https://image.msscdn.net/images/goods_img/20251030/5663756/5663756_17624132165293_500.png
541,002013,전판 열풍퍼 롱 파카,https://www.musinsa.com/products/5734652,https://image.msscdn.net/images/goods_img/20251114/5734652/5734652_17630909910319_500.jpg
542,002013,3-스트라이프 레귤러 핏 롱 다운 패딩 - 화이트 / JZ8732,https://www.musinsa.com/products/5634904,https://image.msscdn.net/images/goods_img/20251023/5634904/5634904_17612671258540_500.jpg
543,002013,Toggle Long Padding / WHJPF4V16U,https://www.musinsa.com/products/5686295,https://image.msscdn.net/images/goods_img/20251105/5686295/5686295_17646558877161_500.jpg
544,002013,롱 덕다운 자켓 U Long Duck Down Jacket (52948201),https://www.musinsa.com/products/5686807,https://image.msscdn.net/images/goods_img/20251105/5686807/5686807_17623059118525_500.jpg
545,002013,메트로 파카 - 딥네이비,https://www.musinsa.com/products/5689629,https://image.msscdn.net/images/goods_img/20251105/5689629/5689629_17624936364416_500.jpg
546,002013,2L 티타닉 롱 다운 자켓 (S25WMTDJ36) Black,https://www.musinsa.com/products/5650760,https://image.msscdn.net/images/goods_img/20251028/5650760/5650760_17616167304330_500.jpg
547,002013,Ample Down Long Coat (Charcoal),https://www.musinsa.com/products/5683990,https://image.msscdn.net/images/goods_img/20251104/5683990/5683990_17623222171897_500.jpg
548,002013,미니멀 N-3B 패딩 파카 [블랙],https://www.musinsa.com/products/4356844,https://image.msscdn.net/images/goods_img/20240822/4356844/4356844_17364975433931_500.jpg
549,002013,롱 더플 패딩_다크네이비,https://www.musinsa.com/products/5623114,https://image.msscdn.net/images/goods_img/20251021/5623114/5623114_17612887514775_500.jpg
550,002013,7KF2065 공용 벤투스 퍼텍스 퀀텀 다운 자켓,https://www.musinsa.com/products/4615034,https://image.msscdn.net/images/goods_img/20241114/4615034/4615034_17315650945757_500.jpg
551,002013,시티 몬스터 파카 - 세이지,https://www.musinsa.com/products/5689640,https://image.msscdn.net/images/goods_img/20251105/5689640/5689640_17624183994348_500.jpg
552,002013,[MEN] 롱 안사시 벤치 다운 자켓 BLACK,https://www.musinsa.com/products/3717833,https://image.msscdn.net/images/goods_img/20231116/3717833/3717833_17001284433521_500.jpg
553,002013,캐논 롱 덕 다운 자켓 SP323XDJ92,https://www.musinsa.com/products/5545412,https://image.msscdn.net/images/goods_img/20250929/5545412/5545412_17591313357514_500.jpg
554,002013,오버핏 클래식 롱 파카 (BLACK),https://www.musinsa.com/products/4397922,https://image.msscdn.net/images/goods_img/20240903/4397922/4397922_17253529158742_500.jpg
555,002013,POP 벤치 UNI 다운 자켓_CREAM BEIGE,https://www.musinsa.com/products/3690844,https://image.msscdn.net/images/goods_img/20231107/3690844/3690844_16993374362744_500.jpg
556,002013,POP 벤치 UNI 다운 자켓_Black,https://www.musinsa.com/products/5290730,https://image.msscdn.net/images/goods_img/20250804/5290730/5290730_17542912101545_500.jpg
557,002013,미니멀 후디드 롱 다운 파카 [블랙],https://www.musinsa.com/products/4297594,https://image.msscdn.net/images/goods_img/20240805/4297594/4297594_17314852672987_500.jpg
558,002013,퀼팅 롱 다운 자켓 (S24WUFDJ08) Off White,https://www.musinsa.com/products/4537465,https://image.msscdn.net/images/goods_img/20241021/4537465/4537465_17294860009068_500.jpg
559,002013,데일리 푸퍼 미니멀 롱 패딩 파카 [다크 그레이],https://www.musinsa.com/products/4297635,https://image.msscdn.net/images/goods_img/20240805/4297635/4297635_17364976741480_500.jpg
560,002013,메트로 파카 - 머드브라운,https://www.musinsa.com/products/5689624,https://image.msscdn.net/images/goods_img/20251105/5689624/5689624_17624940467326_500.jpg
561,002013,BREAKER (브레이커) 코트 다운_Pearl,https://www.musinsa.com/products/3613730,https://image.msscdn.net/images/goods_img/20231010/3613730/3613730_16969096176940_500.jpg
562,002013,REVERSIBLEMIL - DOWN PARKA BLACK_FQ4WD75U,https://www.musinsa.com/products/4364022,https://image.msscdn.net/images/goods_img/20240823/4364022/4364022_17254417021942_500.jpg
563,002013,코티드 익스플로러 패디드 코트 블랙,https://www.musinsa.com/products/5597675,https://image.msscdn.net/images/goods_img/20251015/5597675/5597675_17606284428041_500.jpg
564,002013,클래식 벡터 롱 다운 자켓 - 화이트,https://www.musinsa.com/products/3626119,https://image.msscdn.net/images/goods_img/20231013/3626119/3626119_16983069299899_500.jpg
565,002013,시티캠퍼 롱 다운 자켓 (S25WMGDJ66) Fog Gray,https://www.musinsa.com/products/5592879,https://image.msscdn.net/images/goods_img/20251015/5592879/5592879_17630086726543_500.jpg
566,002013,마이쉘터 다운 파카 - 블랙 / IS9049,https://www.musinsa.com/products/4569704,https://image.msscdn.net/images/goods_img/20241029/4569704/4569704_17303599751356_500.jpg
567,002013,유틸리티 롱다운 BLACK (MO4WU829-076),https://www.musinsa.com/products/4508829,https://image.msscdn.net/images/goods_img/20241011/4508829/4508829_17290610655764_500.jpg
568,002013,NC1DQ55B 남성 슈퍼플렉스 RDS 다운 코트_LIGHT GRAY,https://www.musinsa.com/products/4617979,https://image.msscdn.net/images/goods_img/20241115/4617979/4617979_17316514822588_500.jpg
569,002013,남성 베른 구스다운 롱패딩 (D/GREY),https://www.musinsa.com/products/4504371,https://image.msscdn.net/images/goods_img/20241010/4504371/4504371_17338206907731_500.jpg
570,002013,[변우석 착용] 남성 베르겐 고어 윈드스토퍼 구스다운 롱패딩 (D.KHAKI),https://www.musinsa.com/products/4504363,https://image.msscdn.net/images/goods_img/20241010/4504363/4504363_17315686241427_500.jpg
571,002014,더프 헌팅자켓 카키 MJOT7770,https://www.musinsa.com/products/4742374,https://image.msscdn.net/images/goods_img/20250124/4742374/4742374_17376769864704_500.jpg
572,002014,VINCENT M1965 FISHTAIL PARKA 004 _ OLIVE,https://www.musinsa.com/products/2737014,https://image.msscdn.net/images/goods_img/20220823/2737014/2737014_1_500.jpg
573,002014,더프 헤링턴 자켓 블랙 JJOT7732,https://www.musinsa.com/products/4376738,https://image.msscdn.net/images/goods_img/20240827/4376738/4376738_17247559681905_500.jpg
574,002014,코듀로이 카라 워크 헌팅 자켓_4color,https://www.musinsa.com/products/5393364,https://image.msscdn.net/images/goods_img/20250902/5393364/5393364_17570551470865_500.jpg
575,002014,[해피가이정호 PICK] 오리지널 M65 피시테일 숏파카_블랙,https://www.musinsa.com/products/2859075,https://image.msscdn.net/images/goods_img/20221013/2859075/2859075_17591167319184_500.jpg
576,002014,U.S. Army M-65 Parka,https://www.musinsa.com/products/5339768,https://image.msscdn.net/images/goods_img/20250819/5339768/5339768_17567741720276_500.jpg
577,002014,헤리티지 헤링턴 자켓 (블랙),https://www.musinsa.com/products/5402771,https://image.msscdn.net/images/goods_img/20250904/5402771/5402771_17581801688173_500.jpg
578,002014,M-65 피쉬테일 코튼 야상 코트 MWZCT002-BK,https://www.musinsa.com/products/1716011,https://image.msscdn.net/images/goods_img/20201207/1716011/1716011_1_500.jpg
579,002014,사파리 후디 다운 점퍼 AHUCW25711KHD,https://www.musinsa.com/products/5678984,https://image.msscdn.net/images/goods_img/20251103/5678984/5678984_17621569321039_500.jpg
580,002014,m65 fishtail parka black,https://www.musinsa.com/products/4693365,https://image.msscdn.net/images/goods_img/20250102/4693365/4693365_17436578141016_500.jpg
581,002014,피쉬테일 패딩 파카 (BLACK),https://www.musinsa.com/products/5394048,https://image.msscdn.net/images/goods_img/20250903/5394048/5394048_17575755167261_500.jpg
582,002014,Hunting Blouson Jacket Olive,https://www.musinsa.com/products/3094153,https://image.msscdn.net/images/goods_img/20230220/3094153/3094153_16771294572861_500.jpg
583,002014,더플 피시테일 파카 올리브,https://www.musinsa.com/products/3469965,https://image.msscdn.net/images/goods_img/20230817/3469965/3469965_16923520068333_500.png
584,002014,빈티지 미해군 덱 코트,https://www.musinsa.com/products/5644286,https://image.msscdn.net/images/goods_img/20251025/5644286/5644286_17640744380819_500.jpg
585,002014,QUILTED HERITAGE HUNTING JACKET _ OLIVE,https://www.musinsa.com/products/4397032,https://image.msscdn.net/images/goods_img/20240903/4397032/4397032_17253823561849_500.jpg
586,002014,[3 in 1 머플러 세트 구성] 아웃포스트 피쉬테일파카_카키,https://www.musinsa.com/products/5401730,https://image.msscdn.net/images/goods_img/20250904/5401730/5401730_17605899720178_500.jpg
587,002014,오버핏 리버시블 숏 밀리터리 피쉬테일 후드 파카 점퍼_2COLOR,https://www.musinsa.com/products/2889461,https://image.msscdn.net/images/goods_img/20221025/2889461/2889461_17171294444946_500.jpg
588,002014,오리지널 M-65 피시테일 파카 카키,https://www.musinsa.com/products/5551660,https://image.msscdn.net/images/goods_img/20250930/5551660/5551660_17593305117724_500.jpg
589,002014,사일런트 롱 후드 쓰리버튼 야상 _ 카키,https://www.musinsa.com/products/5568950,https://image.msscdn.net/images/goods_img/20251002/5568950/5568950_17593940492673_500.jpg
590,002014,소코 후드 야상 (네이비,https://www.musinsa.com/products/4518111,https://image.msscdn.net/images/goods_img/20241015/4518111/4518111_17582702559819_500.jpg
591,002014,OSCAR FISHTAIL JACKET 003 _ OLIVE,https://www.musinsa.com/products/2737008,https://image.msscdn.net/images/goods_img/20220823/2737008/2737008_1_500.jpg
592,002014,M-65 필드 재킷 [카키],https://www.musinsa.com/products/5299124,https://image.msscdn.net/images/goods_img/20250807/5299124/5299124_17557651558370_500.jpg
593,002014,후드 야상 재킷_SPJJF49C11,https://www.musinsa.com/products/5444756,https://image.msscdn.net/images/goods_img/20250911/5444756/5444756_17606857543587_500.jpg
594,002014,[라이너 세트] 오리지널 M65 정글 퍼티그 필드자켓_카키,https://www.musinsa.com/products/5418301,https://image.msscdn.net/images/goods_img/20250908/5418301/5418301_17573157803341_500.jpg
595,002014,더프 헤링턴 자켓 브라운 JJOT7732,https://www.musinsa.com/products/4376737,https://image.msscdn.net/images/goods_img/20240827/4376737/4376737_17247559627478_500.jpg
596,002014,M65 FISHTAIL PARKA (BLACK),https://www.musinsa.com/products/5529537,https://image.msscdn.net/images/goods_img/20250925/5529537/5529537_17591175875689_500.jpg
597,002014,2WAY OG 페이드 워싱 디트로이트 퀼팅 자켓_베이지,https://www.musinsa.com/products/4335939,https://image.msscdn.net/images/goods_img/20240816/4335939/4335939_17258578785594_500.jpg
598,002014,슬로우 레코드 보아 카라 헌팅 자켓 MJK131 [KHAKI],https://www.musinsa.com/products/5634350,https://image.msscdn.net/images/goods_img/20251023/5634350/5634350_17627404135757_500.jpg
599,002014,French M64 Field Parka Olive,https://www.musinsa.com/products/5458230,https://image.msscdn.net/images/goods_img/20250915/5458230/5458230_17580110825081_500.jpg
600,002014,VTG M1965 피쉬테일 자켓 (BLACK),https://www.musinsa.com/products/5362129,https://image.msscdn.net/images/goods_img/20250826/5362129/5362129_17580014847213_500.jpg
601,002015,스케이트보딩 프리마로프트® 보머 재킷 JV7548,https://www.musinsa.com/products/5696340,https://image.msscdn.net/images/goods_img/20251106/5696340/5696340_17624203911469_500.jpg
602,002015,QUILTED ZIP UP JUMPER_BLACK,https://www.musinsa.com/products/3600399,https://image.msscdn.net/images/goods_img/20231003/3600399/3600399_17195590148492_500.jpg
603,002015,남성 하이브리드 재킷 타쿠지-Black (25WMPMHYKR01PJ0541),https://www.musinsa.com/products/5658863,https://image.msscdn.net/images/goods_img/20251029/5658863/5658863_17617137911139_500.jpg
604,002015,머키 스트라이프 집업 점퍼_차콜,https://www.musinsa.com/products/5682735,https://image.msscdn.net/images/goods_img/20251104/5682735/5682735_17642908249729_500.jpg
605,002015,캔버스 후드 봄버 재킷 Desert Sand,https://www.musinsa.com/products/5419453,https://image.msscdn.net/images/goods_img/20250908/5419453/5419453_17629918330156_500.jpg
606,002015,J-블링크-WRD 재킷 - 블랙 / A194420PDAI9XX,https://www.musinsa.com/products/5295553,https://image.msscdn.net/images/goods_img/20250806/5295553/5295553_17558242106844_500.jpg
607,002015,아톰 자켓 남성 - BLACK / AJPFM09561,https://www.musinsa.com/products/5621166,https://image.msscdn.net/images/goods_img/20251021/5621166/5621166_17616153327223_500.jpg
608,002015,825 리버서블 쉘파 패딩 자켓 카키,https://www.musinsa.com/products/2855049,https://image.msscdn.net/images/goods_img/20221012/2855049/2855049_17248141187932_500.jpg
609,002015,써마 핏 ADV 에어로로프트 리펠 다운 러닝 재킷 M - 블랙 / FB7557-010,https://www.musinsa.com/products/5657512,https://image.msscdn.net/images/goods_img/20251029/5657512/5657512_17618674826541_500.jpg
610,002015,신세틱 후드 재킷 IZ1842,https://www.musinsa.com/products/5708762,https://image.msscdn.net/images/goods_img/20251110/5708762/5708762_17627599397629_500.jpg
611,002015,(공용) 메소드 인슐레이티드 재킷 - 블랙아웃 / FOA40737702E,https://www.musinsa.com/products/5528035,https://image.msscdn.net/images/goods_img/20250925/5528035/5528035_17635302354926_500.jpg
612,002015,Quilted Jacket Charcoal,https://www.musinsa.com/products/4403538,https://image.msscdn.net/images/goods_img/20240904/4403538/4403538_17260209573848_500.jpg
613,002015,워시드 해링턴 자켓_2Color,https://www.musinsa.com/products/4834897,https://image.msscdn.net/images/goods_img/20250226/4834897/4834897_17405448759129_500.jpg
614,002015,Snuggle Reversible Hooded Jacket_Navy,https://www.musinsa.com/products/5695836,https://image.msscdn.net/images/goods_img/20251106/5695836/5695836_17624161814932_500.jpg
615,002015,엑스 알파 리버시블 자켓 W_LC3007400,https://www.musinsa.com/products/5644459,https://image.msscdn.net/images/goods_img/20251026/5644459/5644459_17621500807808_500.jpg
616,002015,시어링 울 스트라이프 블루종 (카멜),https://www.musinsa.com/products/5759571,https://image.msscdn.net/images/goods_img/20251120/5759571/5759571_17636313116692_500.jpg
617,002015,[후디진호 PICK] 헤비 캔버스 크롭 자켓 (블랙),https://www.musinsa.com/products/5615172,https://image.msscdn.net/images/goods_img/20251020/5615172/5615172_17615407797034_500.jpg
618,002015,크롬 R 풀 버튼 재킷 - 블랙 / 18CMOW014A005904G999,https://www.musinsa.com/products/4823563,https://image.msscdn.net/images/goods_img/20250224/4823563/4823563_17416718552035_500.jpg
619,002015,메트로폴리스 고어텍스 인피니움 재킷 - 블랙 / 18CLOW008A110031A999,https://www.musinsa.com/products/4867792,https://image.msscdn.net/images/goods_img/20250307/4867792/4867792_17423632556938_500.jpg
620,002015,프라임프로 인슐레이션 벤틸 자켓_LC3006500,https://www.musinsa.com/products/5740245,https://image.msscdn.net/images/goods_img/20251117/5740245/5740245_17633631815514_500.jpg
621,002015,[건지울른스X아브라함문] 하운드투스 울 초어 자켓 - 클래식 카멜,https://www.musinsa.com/products/5525624,https://image.msscdn.net/images/goods_img/20250924/5525624/5525624_17587094035345_500.jpg
622,002015,나일론 시어링 봄버 재킷 Black,https://www.musinsa.com/products/5419470,https://image.msscdn.net/images/goods_img/20250908/5419470/5419470_17629928593354_500.jpg
623,002015,EDGAR N-1 DECK JACKET _ BROWN,https://www.musinsa.com/products/3612728,https://image.msscdn.net/images/goods_img/20231009/3612728/3612728_16975563069128_500.jpg
624,002015,아톰 후디 남성 - FORAGE / AJPFM09556,https://www.musinsa.com/products/5599897,https://image.msscdn.net/images/goods_img/20251016/5599897/5599897_17616152557554_500.jpg
625,002015,탠 퓨어 블루종 울자켓 다크네이비,https://www.musinsa.com/products/4345083,https://image.msscdn.net/images/goods_img/20240820/4345083/4345083_17248325375360_500.jpg
626,002015,카라 오버핏 투웨이 점퍼 [블랙],https://www.musinsa.com/products/5460072,https://image.msscdn.net/images/goods_img/20250915/5460072/5460072_17579119264592_500.jpg
627,002015,D.N. 커버올 새틴 재킷 - 블랙 / QV145BLACK,https://www.musinsa.com/products/5089072,https://image.msscdn.net/images/goods_img/20250507/5089072/5089072_17473836517122_500.jpg
628,002015,아톰 SL 후디 남성 - BLACK / AJPFM09560,https://www.musinsa.com/products/5621168,https://image.msscdn.net/images/goods_img/20251021/5621168/5621168_17616153665724_500.jpg
629,002015,레트로 우븐 컬러블록 - 블랙 / 950407-01,https://www.musinsa.com/products/4931674,https://image.msscdn.net/images/goods_img/20250324/4931674/4931674_17435748179732_500.jpg
630,002015,씨네코닥 패딩 워크 자켓 KHAKI,https://www.musinsa.com/products/4355695,https://image.msscdn.net/images/goods_img/20240821/4355695/4355695_17446849874039_500.jpg
631,002017,쉐르파 트러커 자켓_002WX-0001,https://www.musinsa.com/products/5700809,https://image.msscdn.net/images/goods_img/20251107/5700809/5700809_17624955563001_500.jpg
632,002017,PIGMENT DYED DENIM JACKET-INDIGO YELLOW,https://www.musinsa.com/products/3819479,https://image.msscdn.net/images/goods_img/20240124/3819479/3819479_17072882521272_500.jpg
633,002017,스톤워시드 데님 쉘파카 -블랙-,https://www.musinsa.com/products/2361989,https://image.msscdn.net/images/goods_img/20220215/2361989/2361989_17277631586769_500.jpg
634,002017,타입 III 트러커 자켓_72334-0557,https://www.musinsa.com/products/3927590,https://image.msscdn.net/images/goods_img/20240306/3927590/3927590_17097881619516_500.jpg
635,002017,[홍또기 PICK] 벨벳 데님 스터드 자켓 (와인),https://www.musinsa.com/products/5615124,https://image.msscdn.net/images/goods_img/20251020/5615124/5615124_17624997182563_500.jpg
636,002017,[서강준PICK] 워싱 릴렉스 데님 트러커 자켓 [BLACK INDIGO],https://www.musinsa.com/products/5384865,https://image.msscdn.net/images/goods_img/20250901/5384865/5384865_17567119994983_500.jpg
637,002017,NEW HEAVEN DENIM SOUVENIR JACKET_RED(NG2FSUJ201A),https://www.musinsa.com/products/4694628,https://image.msscdn.net/images/goods_img/20250102/4694628/4694628_17363255377751_500.jpg
638,002017,CORDUROY 2ND JACKET_BROWN,https://www.musinsa.com/products/5312858,https://image.msscdn.net/images/goods_img/20250812/5312858/5312858_17561725776770_500.jpg
639,002017,벨벳 릴렉스드 데님 트러커 재킷 [블랙],https://www.musinsa.com/products/5240768,https://image.msscdn.net/images/goods_img/20250710/5240768/5240768_17555921839407_500.jpg
640,002017,워시드 크롭 집업 데님 자켓 [로우 인디고],https://www.musinsa.com/products/4894169,https://image.msscdn.net/images/goods_img/20250313/4894169/4894169_17531572301516_500.jpg
641,002017,워시드 데님 트러커 자켓 (WASHED BLACK),https://www.musinsa.com/products/3827748,https://image.msscdn.net/images/goods_img/20240129/3827748/3827748_17071118135840_500.jpg
642,002017,데님 재킷 - 블랙 / JY2796,https://www.musinsa.com/products/5626240,https://image.msscdn.net/images/goods_img/20251022/5626240/5626240_17611098195689_500.jpg
643,002017,2WAY 크롭 코듀로이 드리즐러 자켓_브라운,https://www.musinsa.com/products/3596063,https://image.msscdn.net/images/goods_img/20230926/3596063/3596063_17621457230668_500.jpg
644,002017,텍스쳐 오픈카라 숏 자켓_브라운,https://www.musinsa.com/products/3787856,https://image.msscdn.net/images/goods_img/20240111/3787856/3787856_17086470911328_500.jpg
645,002017,데님 스윙탑 블루종 재킷 [딥 인디고],https://www.musinsa.com/products/4312724,https://image.msscdn.net/images/goods_img/20240809/4312724/4312724_17241461595785_500.jpg
646,002017,콘밀 데님 자켓 인디고 로우,https://www.musinsa.com/products/4299766,https://image.msscdn.net/images/goods_img/20240806/4299766/4299766_17229212669894_500.jpg
647,002017,센서블 워크 데님자켓 (흑청),https://www.musinsa.com/products/4703948,https://image.msscdn.net/images/goods_img/20250108/4703948/4703948_17375306735695_500.jpg
648,002017,Sherpa Lined Corduroy Trucker Jacket Black,https://www.musinsa.com/products/5468956,https://image.msscdn.net/images/goods_img/20250916/5468956/5468956_17587673807530_500.jpg
649,002017,스웨이드트러커 - 2color MYJP6101,https://www.musinsa.com/products/2028925,https://image.msscdn.net/images/goods_img/20210714/2028925/2028925_17355407338326_500.jpg
650,002017,deck jacket navy,https://www.musinsa.com/products/5360136,https://image.msscdn.net/images/goods_img/20250825/5360136/5360136_17569709258217_500.jpg
651,002017,가먼트 워싱 디테쳐블 필드 자켓 (카키),https://www.musinsa.com/products/5599261,https://image.msscdn.net/images/goods_img/20251016/5599261/5599261_17606235415743_500.jpg
652,002017,콘트라스트 워크 트러커 자켓 [D.GREY],https://www.musinsa.com/products/4305404,https://image.msscdn.net/images/goods_img/20240807/4305404/4305404_17236128988610_500.jpg
653,002017,코듀로이 카라 데님 집업 워크 자켓 (BLACK),https://www.musinsa.com/products/4287413,https://image.msscdn.net/images/goods_img/20240731/4287413/4287413_17228544866344_500.jpg
654,002017,배색 골덴 카라 바버 헌팅 트러커 자켓 점퍼 [차콜],https://www.musinsa.com/products/4344269,https://image.msscdn.net/images/goods_img/20240819/4344269/4344269_17241976232159_500.jpg
655,002017,커브드 데님 트러커 재킷 - 인디고 블루,https://www.musinsa.com/products/4707481,https://image.msscdn.net/images/goods_img/20250109/4707481/4707481_17386503863806_500.jpg
656,002017,카마로 데님 자켓 블랙,https://www.musinsa.com/products/4383600,https://image.msscdn.net/images/goods_img/20240829/4383600/4383600_17254268884895_500.jpg
657,002017,NO RELIGION DENIM RIDER JACKET - W.BLACK,https://www.musinsa.com/products/5434448,https://image.msscdn.net/images/goods_img/20250910/5434448/5434448_17580059380041_500.jpg
658,002017,Frayed Crop Tweed Jacket - Black,https://www.musinsa.com/products/5396356,https://image.msscdn.net/images/goods_img/20250903/5396356/5396356_17579014225976_500.jpg
659,002017,스톤 워싱 버클 코튼 워크 자켓 (BEIGE),https://www.musinsa.com/products/4287418,https://image.msscdn.net/images/goods_img/20240731/4287418/4287418_17228540407545_500.jpg
660,002017,벨로테 버진 울 부클 트러커 자켓 바이올렛 블랙,https://www.musinsa.com/products/5316837,https://image.msscdn.net/images/goods_img/20250812/5316837/5316837_17586803373402_500.png
661,002018,유니 아카이브 S 니트 자켓 (94089702),https://www.musinsa.com/products/5700851,https://image.msscdn.net/images/goods_img/20251107/5700851/5700851_17624954025651_500.jpg
662,002018,유니 아카이브 S 니트 자켓 (94089701),https://www.musinsa.com/products/5700844,https://image.msscdn.net/images/goods_img/20251107/5700844/5700844_17624953251075_500.jpg
663,002018,남성 퍼포먼스 PES 플리스 니트 트랙탑 (94095001),https://www.musinsa.com/products/5685306,https://image.msscdn.net/images/goods_img/20251104/5685306/5685306_17622508357206_500.jpg
664,002018,돌만 슬리브 트랙 재킷 - 퍼플 / QV324PURPLE,https://www.musinsa.com/products/4971104,https://image.msscdn.net/images/goods_img/20250401/4971104/4971104_17443392370504_500.jpg
665,002018,헤비사카리바 스웻집업자켓_01_블랙,https://www.musinsa.com/products/2475600,https://image.msscdn.net/images/goods_img/20220407/2475600/2475600_1_500.jpg
666,002018,집업 트랙수트 재킷 - 다크네이비 / 725334TNV074100,https://www.musinsa.com/products/3199756,https://image.msscdn.net/images/goods_img/20230401/3199756/3199756_16868930916337_500.jpg
667,002018,CP 쉘-R 고글 재킷 - 아이비 그린 / 18CMOW002A005968A683,https://www.musinsa.com/products/4719236,https://image.msscdn.net/images/goods_img/20250114/4719236/4719236_17376889132971_500.jpg
668,002018,풀 집 핑거 홀 스웨트 셔츠 [멜란지 그레이],https://www.musinsa.com/products/5688005,https://image.msscdn.net/images/goods_img/20251105/5688005/5688005_17627623789760_500.jpg
669,002018,NJ5JR50K 화이트라벨 데이오프 후드 집업 BLACK,https://www.musinsa.com/products/5408752,https://image.msscdn.net/images/goods_img/20250905/5408752/5408752_17570536662066_500.jpg
670,002018,프리미엄 파이어버드 트랙탑 JC6357,https://www.musinsa.com/products/4747489,https://image.msscdn.net/images/goods_img/20250131/4747489/4747489_17382896006265_500.jpg
671,002018,남성 액티브 웨어 기모 본딩 자켓 (94094201),https://www.musinsa.com/products/5223178,https://image.msscdn.net/images/goods_img/20250702/5223178/5223178_17514439770528_500.jpg
672,002018,[HDEX X PHYSICAL: ASIA] 컬러 블럭 자켓 (White),https://www.musinsa.com/products/5589135,https://image.msscdn.net/images/goods_img/20251014/5589135/5589135_17621488049988_500.jpg
673,002018,CP 쉘-R 고글 재킷 - 토탈 이클립스 / 18CMOW002A005968A888,https://www.musinsa.com/products/4719237,https://image.msscdn.net/images/goods_img/20250114/4719237/4719237_17375989845159_500.jpg
674,002018,담보루 져지 자켓 차콜,https://www.musinsa.com/products/3836794,https://image.msscdn.net/images/goods_img/20240131/3836794/3836794_17071941402643_500.jpg
675,002018,[HDEX X PHYSICAL: ASIA] 컬러 블럭 자켓 (Black),https://www.musinsa.com/products/5589137,https://image.msscdn.net/images/goods_img/20251014/5589137/5589137_17621488002938_500.jpg
676,002018,하트로고 나일론 윈드브레이커 점퍼 - 블랙 / HJK068PA0009001,https://www.musinsa.com/products/4780580,https://image.msscdn.net/images/goods_img/20250212/4780580/4780580_17404625898581_500.jpg
677,002018,반집업 트랙탑 - 블랙 / IZ4803,https://www.musinsa.com/products/4452179,https://image.msscdn.net/images/goods_img/20240923/4452179/4452179_17271611718261_500.jpg
678,002018,트랙 재킷 - 퍼플 / QV305PURPLE,https://www.musinsa.com/products/5092903,https://image.msscdn.net/images/goods_img/20250508/5092903/5092903_17477900725588_500.jpg
679,002018,사이드 라인 트랙 자켓 (BLACK),https://www.musinsa.com/products/5363774,https://image.msscdn.net/images/goods_img/20250826/5363774/5363774_17565328665554_500.jpg
680,002018,남성 액티브 웨어 기모 본딩 자켓 (94094202),https://www.musinsa.com/products/5224844,https://image.msscdn.net/images/goods_img/20250703/5224844/5224844_17515184758602_500.jpg
681,002018,풀 집 핑거 홀 스웨트 셔츠 [블랙],https://www.musinsa.com/products/5688003,https://image.msscdn.net/images/goods_img/20251105/5688003/5688003_17627599204861_500.jpg
682,002018,웜엄 집업 자켓 (2color),https://www.musinsa.com/products/3200850,https://image.msscdn.net/images/goods_img/20230403/3200850/3200850_17531470658749_500.jpg
683,002018,퍼스트 카모 릴렉스드 핏 트랙 자켓(M) GREEN,https://www.musinsa.com/products/5695276,https://image.msscdn.net/images/goods_img/20251106/5695276/5695276_17629224098930_500.jpg
684,002018,남성 액티브 웨어 플리스 자켓 (94094901),https://www.musinsa.com/products/5684907,https://image.msscdn.net/images/goods_img/20251104/5684907/5684907_17622453196545_500.jpg
685,002018,KNIT POINT WIND BREAKER JACKET (PURPLE),https://www.musinsa.com/products/5689354,https://image.msscdn.net/images/goods_img/20251105/5689354/5689354_17629329669291_500.jpg
686,002018,노드 크롭 오버핏 하이넥 풀집업  ( 3Color ),https://www.musinsa.com/products/5618105,https://image.msscdn.net/images/goods_img/20251021/5618105/5618105_17611152366118_500.jpg
687,002018,에스테틱 웜업 자켓 (BLACK),https://www.musinsa.com/products/5652487,https://image.msscdn.net/images/goods_img/20251028/5652487/5652487_17616242530021_500.jpg
688,002018,파이핑 트랙 집업 자켓 블랙,https://www.musinsa.com/products/4280528,https://image.msscdn.net/images/goods_img/20240729/4280528/4280528_17230945210341_500.jpg
689,002018,폼 드라이 핏 후드 다용도 재킷 M - 라이트 아미 / FB7483-320,https://www.musinsa.com/products/5085992,https://image.msscdn.net/images/goods_img/20250502/5085992/5085992_17466967723607_500.jpg
690,002018,OL209_러닝클럽 트랙 자켓_네이비,https://www.musinsa.com/products/2353497,https://image.msscdn.net/images/goods_img/20220210/2353497/2353497_17152450091796_500.jpg
691,002019,UNISEX 소프트 하이넥 플리스 아노락 세트[BROWN] / SBE4U02010,https://www.musinsa.com/products/5721999,https://image.msscdn.net/images/goods_img/20251112/5721999/5721999_17629276148953_500.jpg
692,002019,UNISEX 소프트 하이넥 플리스 아노락 세트[CHARCOAL] / SBE4U02010,https://www.musinsa.com/products/5722004,https://image.msscdn.net/images/goods_img/20251112/5722004/5722004_17629277025788_500.jpg
693,002019,게리하프 집업 - 더스트 베이지,https://www.musinsa.com/products/5562142,https://image.msscdn.net/images/goods_img/20251001/5562142/5562142_17603237159810_500.jpg
694,002019,윈터 하이브리드 아노락 블랙(UP411CFSD1),https://www.musinsa.com/products/4572657,https://image.msscdn.net/images/goods_img/20241030/4572657/4572657_17303388217279_500.jpg
695,002019,유틸리티 패커블 후드 자켓 라이트,https://www.musinsa.com/products/3595468,https://image.msscdn.net/images/goods_img/20230926/3595468/3595468_16957076169860_500.jpg
696,002019,플리스 아노락_TURQUOISE GREEN,https://www.musinsa.com/products/5658247,https://image.msscdn.net/images/goods_img/20251029/5658247/5658247_17618939296167_500.jpg
697,002019,2-WAY  배색 후드 윈드브레이커 자켓 [GRAY]_SEJK008GRAY,https://www.musinsa.com/products/3812084,https://image.msscdn.net/images/goods_img/20240122/3812084/3812084_17095209241645_500.jpg
698,002019,PERTEX® QA Half Zip Pullover Sage,https://www.musinsa.com/products/3904798,https://image.msscdn.net/images/goods_img/20240227/3904798/3904798_17090245733760_500.jpg
699,002019,K-WAY x CDG PLAY 레드하트 패커블 하프 집업 재킷 - 블루 / AZJ5020512,https://www.musinsa.com/products/4938288,https://image.msscdn.net/images/goods_img/20250325/4938288/4938288_17459854014911_500.jpg
700,002019,트래블러 플리스 아노락-아이보리,https://www.musinsa.com/products/5374740,https://image.msscdn.net/images/goods_img/20250828/5374740/5374740_17582843954170_500.jpg
701,002019,NA3NP70A 펠릭스 히트 아노락,https://www.musinsa.com/products/3539725,https://image.msscdn.net/images/goods_img/20230907/3539725/3539725_16940643096345_500.jpg
702,002019,[유튜버 PICK] 2-WAY 릴렉스드 헤링턴 자켓_4 color,https://www.musinsa.com/products/3466549,https://image.msscdn.net/images/goods_img/20230816/3466549/3466549_17604097856513_500.jpg
703,002019,REVERSIBLE FLEECE JACKET (IVORY),https://www.musinsa.com/products/4419408,https://image.msscdn.net/images/goods_img/20240909/4419408/4419408_17258642523983_500.jpg
704,002019,NA3NP70B 펠릭스 히트 아노락,https://www.musinsa.com/products/3497471,https://image.msscdn.net/images/goods_img/20230825/3497471/3497471_16929401298693_500.jpg
705,002019,니트 하이브리드 아우터 SAUAW25551KHX,https://www.musinsa.com/products/5625722,https://image.msscdn.net/images/goods_img/20251022/5625722/5625722_17610981861814_500.jpg
706,002019,유니섹스 에센셜 벌룬 체크 후디 윈드브레이커_브라운,https://www.musinsa.com/products/5290140,https://image.msscdn.net/images/goods_img/20250804/5290140/5290140_17546385648306_500.jpg
707,002019,PERTEX (퍼텍스) UNI 윈드치터 아노락 자켓_Black,https://www.musinsa.com/products/3547686,https://image.msscdn.net/images/goods_img/20230911/3547686/3547686_16943925248753_500.jpg
708,002019,DEBONDING WOVEN HALF ZIP-UP-LIGHT BEIGE,https://www.musinsa.com/products/2812578,https://image.msscdn.net/images/goods_img/20220922/2812578/2812578_1_500.jpg
709,002019,폭스 헤드 패치 테크니컬 윈드브레이커 재킷 - 멀티컬러 / KM02228WQ4014M111,https://www.musinsa.com/products/3389059,https://image.msscdn.net/images/goods_img/20230629/3389059/3389059_16921636885507_500.jpg
710,002019,오리지널핏 아노락 자켓 (블랙),https://www.musinsa.com/products/1810261,https://image.msscdn.net/images/goods_img/20210223/1810261/1810261_1_500.jpg
711,002019,WARM+ 풋볼 스탠넥 패딩 아노락 블랙(UP421SWTO3),https://www.musinsa.com/products/4470168,https://image.msscdn.net/images/goods_img/20240927/4470168/4470168_17278579323180_500.jpg
712,002019,리사이클 퀼팅 후드 아노락 Beige Gray (S24WUFPJ04),https://www.musinsa.com/products/4407283,https://image.msscdn.net/images/goods_img/20240905/4407283/4407283_17285483033590_500.jpg
713,002019,FLEECE TECH REVERSIBLE ANORAK JACKET 다크카키,https://www.musinsa.com/products/2876643,https://image.msscdn.net/images/goods_img/20221019/2876643/2876643_17241445838210_500.jpg
714,002019,트래블러 플리스 아노락-차콜,https://www.musinsa.com/products/5374742,https://image.msscdn.net/images/goods_img/20250828/5374742/5374742_17586731246044_500.jpg
715,002019,NA3NP70C 펠릭스 히트 아노락,https://www.musinsa.com/products/3497469,https://image.msscdn.net/images/goods_img/20230825/3497469/3497469_16929400769871_500.jpg
716,002019,트래블러 플리스 아노락-블랙,https://www.musinsa.com/products/5374743,https://image.msscdn.net/images/goods_img/20250828/5374743/5374743_17586778889948_500.jpg
717,002019,니트 하이브리드 아우터 SAUAW25551BKX,https://www.musinsa.com/products/5625717,https://image.msscdn.net/images/goods_img/20251022/5625717/5625717_17610956217866_500.jpg
718,002019,HERITAGE (헤리티지) 남성 고어텍스 2L 방수 자켓_Black,https://www.musinsa.com/products/4268999,https://image.msscdn.net/images/goods_img/20240723/4268999/4268999_17217202742857_500.jpg
719,002019,VLAD D-Layer™더블레이어 윈드브레이커 자켓_차콜/라이트 그레이,https://www.musinsa.com/products/3836932,https://image.msscdn.net/images/goods_img/20240131/3836932/3836932_17171262326233_500.png
720,002019,루즈핏  나일론  아노락 [블랙],https://www.musinsa.com/products/2200718,https://image.msscdn.net/images/goods_img/20211027/2200718/2200718_17417570303068_500.jpg
721,002020,세이지 라운드넥 가디건 [다크그레이],https://www.musinsa.com/products/5671081,https://image.msscdn.net/images/goods_img/20251031/5671081/5671081_17630155690664_500.jpg
722,002020,브러시드 모헤어 울 라운드 가디건_6Color,https://www.musinsa.com/products/5743755,https://image.msscdn.net/images/goods_img/20251117/5743755/5743755_17633717579224_500.jpg
723,002020,피셔맨 홀가먼트 가디건 - 카스피안,https://www.musinsa.com/products/5727383,https://image.msscdn.net/images/goods_img/20251113/5727383/5727383_17630038718809_500.jpg
724,002020,헤이지  라운드넥 플리스 가디건 블랙,https://www.musinsa.com/products/5410340,https://image.msscdn.net/images/goods_img/20250905/5410340/5410340_17616364241726_500.jpg
725,002020,부드러운 촉감의 라운드 가디건_3color,https://www.musinsa.com/products/5688328,https://image.msscdn.net/images/goods_img/20251105/5688328/5688328_17623203506027_500.jpg
726,002020,베이비 알파카 홀가먼트 카디건 (네이비),https://www.musinsa.com/products/4452640,https://image.msscdn.net/images/goods_img/20240923/4452640/4452640_17586803621697_500.jpg
727,002020,헤어리 라운드 크롭 가디건 [잉크블루],https://www.musinsa.com/products/5608290,https://image.msscdn.net/images/goods_img/20251017/5608290/5608290_17624901966231_500.jpg
728,002020,헤어리 알파카 가디건 [블랙],https://www.musinsa.com/products/4368661,https://image.msscdn.net/images/goods_img/20240826/4368661/4368661_17328473262871_500.jpg
729,002020,세미 크롭 니트 라운드 가디건 버건디,https://www.musinsa.com/products/5601519,https://image.msscdn.net/images/goods_img/20251016/5601519/5601519_17609402165381_500.jpg
730,002020,SKAJAN COWICHAN CARDIGAN IVORY_FQ4KJ02U,https://www.musinsa.com/products/4478823,https://image.msscdn.net/images/goods_img/20240930/4478823/4478823_17283857304054_500.jpg
731,002020,오버핏 라운드넥 니트 가디건 (BROWN),https://www.musinsa.com/products/3441716,https://image.msscdn.net/images/goods_img/20230802/3441716/3441716_16927724176323_500.jpg
732,002020,코위찬 후드 집업 카디건  네이비,https://www.musinsa.com/products/5678618,https://image.msscdn.net/images/goods_img/20251103/5678618/5678618_17621553110609_500.jpg
733,002020,나바호 웨스턴 이글패턴 가디건 옐로우_FR3KJ30U,https://www.musinsa.com/products/5585116,https://image.msscdn.net/images/goods_img/20251013/5585116/5585116_17606208218965_500.jpg
734,002020,레드 하트로고 카라 가디건 - 블랙 / HKC211KN0025001,https://www.musinsa.com/products/4829060,https://image.msscdn.net/images/goods_img/20250225/4829060/4829060_17415712897395_500.jpg
735,002020,하이넥 헤비웨이트 니트 집업 (BLACK),https://www.musinsa.com/products/4397518,https://image.msscdn.net/images/goods_img/20240903/4397518/4397518_17282634733827_500.jpg
736,002020,믹스 케이블 라인 니트 카라 가디건,https://www.musinsa.com/products/3774918,https://image.msscdn.net/images/goods_img/20240104/3774918/3774918_17171217896640_500.jpg
737,002020,알파카 블렌드 라운드 가디건 4color,https://www.musinsa.com/products/4454708,https://image.msscdn.net/images/goods_img/20240923/4454708/4454708_17270948954962_500.jpg
738,002020,GNT043 단도 펀칭 집업 니트 (BLACK),https://www.musinsa.com/products/4730809,https://image.msscdn.net/images/goods_img/20250120/4730809/4730809_17430511673522_500.jpg
739,002020,Corduroy Raglan Cardigan (Brown),https://www.musinsa.com/products/3712762,https://image.msscdn.net/images/goods_img/20231115/3712762/3712762_17641419000869_500.jpeg
740,002020,캐시라이크 라운드 가디건_6Color,https://www.musinsa.com/products/5446082,https://image.msscdn.net/images/goods_img/20250911/5446082/5446082_17604085854556_500.jpg
741,002020,GNT045 패스트백 레이싱 집업 니트 (BLUE),https://www.musinsa.com/products/4730825,https://image.msscdn.net/images/goods_img/20250120/4730825/4730825_17430423501807_500.jpg
742,002020,후드 버튼 니트 가디건 [브라운],https://www.musinsa.com/products/4326220,https://image.msscdn.net/images/goods_img/20240813/4326220/4326220_17253281447490_500.jpg
743,002020,풀 집 니트 카디건_PALE GREEN,https://www.musinsa.com/products/3124889,https://image.msscdn.net/images/goods_img/20230306/3124889/3124889_16946055633058_500.jpg
744,002020,세이지 브이넥 가디건 [네이비],https://www.musinsa.com/products/4646174,https://image.msscdn.net/images/goods_img/20241202/4646174/4646174_17630155189385_500.jpg
745,002020,2WAY 미니멀 집업 니트 (IVORY),https://www.musinsa.com/products/3076231,https://image.msscdn.net/images/goods_img/20230210/3076231/3076231_16986392793025_500.jpg
746,002020,자카드 집업 니트 스웨터(브라운),https://www.musinsa.com/products/4331052,https://image.msscdn.net/images/goods_img/20240814/4331052/4331052_17260474955000_500.jpg
747,002020,SOLID CROP CARDIGAN [RED],https://www.musinsa.com/products/3926952,https://image.msscdn.net/images/goods_img/20240306/3926952/3926952_17364022669930_500.jpg
748,002020,어베인 울 크롭 니트 가디건 [BEIGE],https://www.musinsa.com/products/5384933,https://image.msscdn.net/images/goods_img/20250901/5384933/5384933_17567122560706_500.jpg
749,002020,브이넥 가디건 - 블랙 / C60104900,https://www.musinsa.com/products/4791668,https://image.msscdn.net/images/goods_img/20250214/4791668/4791668_17404630162297_500.jpg
750,002020,FANTASIA MICKEY MOUSE_COWICHAN KNIT SWEATER_BLACK(NG2DFUK681B),https://www.musinsa.com/products/3594660,https://image.msscdn.net/images/goods_img/20230926/3594660/3594660_16957159597698_500.jpg
751,002021,써마 핏 ADV 반사 러닝 베스트 M - 리플렉트 실버 / IM6279-027,https://www.musinsa.com/products/5642909,https://image.msscdn.net/images/goods_img/20251024/5642909/5642909_17615440962961_500.jpg
752,002021,빅 포켓 메탈 나일론 후드 집업 베스트 [카키 베이지],https://www.musinsa.com/products/4856514,https://image.msscdn.net/images/goods_img/20250304/4856514/4856514_17418478056551_500.jpg
753,002021,헤리티지 포켓 워크 베스트 (블랙),https://www.musinsa.com/products/5402836,https://image.msscdn.net/images/goods_img/20250904/5402836/5402836_17630856250760_500.jpg
754,002021,써멀 리버시블 플리스 베스트 Heather Grey,https://www.musinsa.com/products/5468832,https://image.msscdn.net/images/goods_img/20250916/5468832/5468832_17581669981430_500.jpg
755,002021,오운 더 런 스프레이 염색 베스트 JN9684,https://www.musinsa.com/products/5380255,https://image.msscdn.net/images/goods_img/20250829/5380255/5380255_17564566293908_500.jpg
756,002021,패디드 코튼 베스트  카키,https://www.musinsa.com/products/4475078,https://image.msscdn.net/images/goods_img/20240930/4475078/4475078_17290491193986_500.jpg
757,002021,Y.E.S Full Zip Fleece Vest Navy,https://www.musinsa.com/products/5380372,https://image.msscdn.net/images/goods_img/20250829/5380372/5380372_17573211446999_500.jpg
758,002021,Polartec® Alpha® Zip Up Vest Beige,https://www.musinsa.com/products/5555764,https://image.msscdn.net/images/goods_img/20250930/5555764/5555764_17592295587164_500.jpg
759,002021,시티보이 브이넥 니트베스트_블랙,https://www.musinsa.com/products/1958404,https://image.msscdn.net/images/goods_img/20210520/1958404/1958404_17225627035904_500.jpg
760,002021,쉐기독 울 100% 라운드 베스트 GREY,https://www.musinsa.com/products/3797852,https://image.msscdn.net/images/goods_img/20240116/3797852/3797852_17247336464052_500.jpg
761,002021,멘즈 레트로 파일 베스트 / 22821Q7,https://www.musinsa.com/products/5353054,https://image.msscdn.net/images/goods_img/20250822/5353054/5353054_17604276015887_500.jpg
762,002021,NV3NR50A 눕시 온볼 베스트_BLACK,https://www.musinsa.com/products/4989964,https://image.msscdn.net/images/goods_img/20250404/4989964/4989964_17437515585448_500.jpg
763,002021,NV3NP51C 르위스 티볼 베스트,https://www.musinsa.com/products/3497503,https://image.msscdn.net/images/goods_img/20230825/3497503/3497503_16929405254090_500.jpg
764,002021,BIG FOOT VEST (BLACK),https://www.musinsa.com/products/5452671,https://image.msscdn.net/images/goods_img/20250912/5452671/5452671_17592215644046_500.jpg
765,002021,플리스 베스트 (S25WMFVE74) Fog Gray,https://www.musinsa.com/products/5586702,https://image.msscdn.net/images/goods_img/20251014/5586702/5586702_17611163337511_500.jpg
766,002021,미니멀 브이넥 니트 베스트 블랙,https://www.musinsa.com/products/1293166,https://image.msscdn.net/images/goods_img/20200205/1293166/1293166_17218818865419_500.jpg
767,002021,엑스 퓨즈 다운 베스트 M_LC3003000,https://www.musinsa.com/products/5740458,https://image.msscdn.net/images/goods_img/20251117/5740458/5740458_17634448577505_500.png
768,002021,컬러 플리스 베스트  블루,https://www.musinsa.com/products/4496765,https://image.msscdn.net/images/goods_img/20241008/4496765/4496765_17288869759367_500.jpg
769,002021,NV4FQ55C 데날리 플리스 베스트,https://www.musinsa.com/products/4549615,https://image.msscdn.net/images/goods_img/20241023/4549615/4549615_17296724946224_500.jpg
770,002021,러닝 베스트 (3color),https://www.musinsa.com/products/4644497,https://image.msscdn.net/images/goods_img/20241202/4644497/4644497_17603413625763_500.jpg
771,002021,오디너리 페어아일 베스트 가디건 - 2 COLOR,https://www.musinsa.com/products/3652338,https://image.msscdn.net/images/goods_img/20231024/3652338/3652338_16999469117522_500.jpg
772,002021,멘즈 클래식 레트로-X 베스트 / 23049Q7,https://www.musinsa.com/products/5353061,https://image.msscdn.net/images/goods_img/20250822/5353061/5353061_17558247181510_500.jpg
773,002021,빅 포켓 메탈 나일론 후드 집업 베스트 [그레이],https://www.musinsa.com/products/4856522,https://image.msscdn.net/images/goods_img/20250304/4856522/4856522_17418477737086_500.jpg
774,002021,시티 레저 후디드 베스트 [블랙],https://www.musinsa.com/products/3851893,https://image.msscdn.net/images/goods_img/20240206/3851893/3851893_17098746779827_500.jpg
775,002021,V넥 후리스 베스트,https://www.musinsa.com/products/2964071,https://image.msscdn.net/images/goods_img/20221129/2964071/2964071_1_500.jpg
776,002021,[적립금 10%] 케이블 니트 코튼 스웨터 베스트 - 네이비,https://www.musinsa.com/products/3493799,https://image.msscdn.net/images/goods_img/20230824/3493799/3493799_16940628044656_500.jpg
777,002021,다운 베스트 베이지,https://www.musinsa.com/products/4457932,https://image.msscdn.net/images/goods_img/20240924/4457932/4457932_17310281373702_500.jpg
778,002021,TNT x NE REV FLEECE VEST Realtree,https://www.musinsa.com/products/5690161,https://image.msscdn.net/images/goods_img/20251105/5690161/5690161_17623295805695_500.jpg
779,002021,PRIMALOFT LEVEL 7 PCU VEST_SAGE GREEN,https://www.musinsa.com/products/5504319,https://image.msscdn.net/images/goods_img/20250922/5504319/5504319_17591236387855_500.jpg
780,002021,Railroad Denim Vest [Black],https://www.musinsa.com/products/3550528,https://image.msscdn.net/images/goods_img/20230911/3550528/3550528_17249003082998_500.jpg
781,002022,아디컬러 오버사이즈 전장 지퍼 후디 JX1546,https://www.musinsa.com/products/5711835,https://image.msscdn.net/images/goods_img/20251111/5711835/5711835_17628387813365_500.jpg
782,002022,[유소정 PICK] (DEFG X US) FLEECE HOOD SET UP [3COLOR],https://www.musinsa.com/products/5727523,https://image.msscdn.net/images/goods_img/20251113/5727523/5727523_17630060397876_500.jpg
783,002022,DENSE RIB HOODIE JACKET [DARK GRAY],https://www.musinsa.com/products/5745833,https://image.msscdn.net/images/goods_img/20251118/5745833/5745833_17635382357313_500.jpg
784,002022,(기모)Rock Star Pigment Napping Hood Zip-up ((charcoal)),https://www.musinsa.com/products/5659828,https://image.msscdn.net/images/goods_img/20251029/5659828/5659828_17617165361361_500.jpg
785,002022,500g 헤비코튼 심플 오버핏 TWO - WAY 세미크롭 후드 집업 (MELANGE GREY),https://www.musinsa.com/products/5701286,https://image.msscdn.net/images/goods_img/20251107/5701286/5701286_17626609643438_500.jpg
786,002022,WAL signature crop hood zip-up - KHAKI,https://www.musinsa.com/products/4283901,https://image.msscdn.net/images/goods_img/20240730/4283901/4283901_17235162906164_500.jpg
787,002022,언타이틀 스테리나잇 스트라이프 후드집업 멜란지 화이트,https://www.musinsa.com/products/5693488,https://image.msscdn.net/images/goods_img/20251106/5693488/5693488_17624033644965_500.jpg
788,002022,스탠다드 후드 스웨트 집업 [그린],https://www.musinsa.com/products/640843,https://image.msscdn.net/images/goods_img/20170922/640843/640843_16811236817147_500.jpg
789,002022,엑스 알파 하프집 후디_LC2989400,https://www.musinsa.com/products/5488615,https://image.msscdn.net/images/goods_img/20250918/5488615/5488615_17586159040505_500.png
790,002022,네트로 오버핏 후드 집업 그레이 ISHD2682,https://www.musinsa.com/products/5651240,https://image.msscdn.net/images/goods_img/20251028/5651240/5651240_17616168152186_500.jpg
791,002022,Welter Experiment X Wisdom Fleece Zip Hoodie_BLACK,https://www.musinsa.com/products/5631108,https://image.msscdn.net/images/goods_img/20251022/5631108/5631108_17617378961986_500.jpg
792,002022,[ERTR X 니들]Leather Applique Hoodie Zip Up (black),https://www.musinsa.com/products/5630758,https://image.msscdn.net/images/goods_img/20251022/5630758/5630758_17611260313193_500.png
793,002022,Wool stripe knit hood zip-up_Pink,https://www.musinsa.com/products/5662039,https://image.msscdn.net/images/goods_img/20251029/5662039/5662039_17624118095941_500.jpg
794,002022,언타이틀 스테리나잇 스몰 스트라이프 후드 짚업 멜란지 화이트,https://www.musinsa.com/products/5264801,https://image.msscdn.net/images/goods_img/20250722/5264801/5264801_17533547522419_500.jpg
795,002022,500g 헤비코튼 심플 오버핏 TWO - WAY 세미크롭 후드 집업 (BLACK),https://www.musinsa.com/products/5701000,https://image.msscdn.net/images/goods_img/20251107/5701000/5701000_17626609069752_500.jpg
796,002022,[기모선택] 스포츠 스트링 오버핏 투웨이 후드집업 - 멜란지,https://www.musinsa.com/products/5653048,https://image.msscdn.net/images/goods_img/20251028/5653048/5653048_17623064836938_500.jpg
797,002022,빈티지 피그먼트 2WAY 오버핏 후드 집업_2COLOR,https://www.musinsa.com/products/5296229,https://image.msscdn.net/images/goods_img/20250806/5296229/5296229_17605101859503_500.jpg
798,002022,스몰 로고 루즈핏 후드 집업 Black,https://www.musinsa.com/products/5400137,https://image.msscdn.net/images/goods_img/20250904/5400137/5400137_17609354427008_500.jpg
799,002022,크롭 투 파인더 후드집업 브라운 JUHD4718,https://www.musinsa.com/products/5511889,https://image.msscdn.net/images/goods_img/20250923/5511889/5511889_17585951370045_500.jpg
800,002022,[유소정 PICK] (DEFG X US) FLEECE HOOD ZIP-UP [3COLOR],https://www.musinsa.com/products/5727510,https://image.msscdn.net/images/goods_img/20251113/5727510/5727510_17630055673694_500.jpg
801,002022,[SET] 스트링 오버핏 투웨이 후드집업 + 원턱 스트링 팬츠 - 블랙,https://www.musinsa.com/products/5658408,https://image.msscdn.net/images/goods_img/20251029/5658408/5658408_17630511070092_500.jpg
802,002022,플리스 포켓 집업 후디 Gray,https://www.musinsa.com/products/5419375,https://image.msscdn.net/images/goods_img/20250908/5419375/5419375_17629922355670_500.jpg
803,002022,(기모)Rock Star Pigment Napping Hood Zip-up ((beige)),https://www.musinsa.com/products/5659767,https://image.msscdn.net/images/goods_img/20251029/5659767/5659767_17617162737320_500.jpg
804,002022,DENSE RIB HOODIE JACKET [KHAKI BROWN],https://www.musinsa.com/products/5745847,https://image.msscdn.net/images/goods_img/20251118/5745847/5745847_17635382814634_500.jpg
805,002022,메테오 디어 피그먼트 후드집업 토프브라운 SJHD1449,https://www.musinsa.com/products/3974521,https://image.msscdn.net/images/goods_img/20240321/3974521/3974521_17170445297482_500.jpg
806,002022,빈티지 피그먼트 2WAY 오버핏 후드 집업 [브라운],https://www.musinsa.com/products/5254257,https://image.msscdn.net/images/goods_img/20250717/5254257/5254257_17573129481510_500.jpg
807,002022,SPYDER X SWUWS 공용 라이프 스타일 로고 와펜 세트 후드 집업 블랙,https://www.musinsa.com/products/3134339,https://image.msscdn.net/images/goods_img/20230309/3134339/3134339_16782921565830_500.jpg
808,002022,투웨이 피그먼트 스웻 후드 집업 (STONE BLUE),https://www.musinsa.com/products/3493838,https://image.msscdn.net/images/goods_img/20230824/3493838/3493838_16940477093344_500.jpg
809,002022,NOWHERE 어센틱 오버핏 2WAY 후드집업 GHZ-270_블랙,https://www.musinsa.com/products/5292502,https://image.msscdn.net/images/goods_img/20250805/5292502/5292502_17543667725501_500.jpg
810,002022,500g 헤비코튼 심플 오버핏 TWO - WAY 세미크롭 후드 집업 (CHARCOAL),https://www.musinsa.com/products/5701151,https://image.msscdn.net/images/goods_img/20251107/5701151/5701151_17626609289535_500.jpg
811,002023,[산리오캐릭터즈] 덤블 플리스(WHITE)_SPFZF4VU01,https://www.musinsa.com/products/5667209,https://image.msscdn.net/images/goods_img/20251030/5667209/5667209_17622115118229_500.jpg
812,002023,우노 플리스 자켓 (블랙),https://www.musinsa.com/products/5715117,https://image.msscdn.net/images/goods_img/20251111/5715117/5715117_17628442559184_500.jpg
813,002023,우노 플리스 자켓 (그레이),https://www.musinsa.com/products/5715234,https://image.msscdn.net/images/goods_img/20251111/5715234/5715234_17628446736255_500.jpg
814,002023,옴스테드 후드 플리스 자켓 블랙 FJK129,https://www.musinsa.com/products/5591528,https://image.msscdn.net/images/goods_img/20251014/5591528/5591528_17615422061117_500.jpg
815,002023,리버시블 퀼티드 & 플리스 라이너 자켓 올리브 카키,https://www.musinsa.com/products/5720431,https://image.msscdn.net/images/goods_img/20251112/5720431/5720431_17634298356082_500.jpg
816,002023,워딩 팩 루스 핏 재킷 KA1272,https://www.musinsa.com/products/5653278,https://image.msscdn.net/images/goods_img/20251028/5653278/5653278_17616394877149_500.jpg
817,002023,[망그러진곰] 덤블 플리스_SPFZF4VU06,https://www.musinsa.com/products/5667214,https://image.msscdn.net/images/goods_img/20251030/5667214/5667214_17630755885066_500.jpg
818,002023,FLEECE RAGLAN FULL ZIP-UP (GREY),https://www.musinsa.com/products/5688763,https://image.msscdn.net/images/goods_img/20251105/5688763/5688763_17629359698771_500.jpg
819,002023,시어링 하프넥 후리스_Ivory,https://www.musinsa.com/products/5730678,https://image.msscdn.net/images/goods_img/20251113/5730678/5730678_17635257855528_500.jpg
820,002023,워딩 팩 루스 핏 재킷 KA1273,https://www.musinsa.com/products/5653281,https://image.msscdn.net/images/goods_img/20251028/5653281/5653281_17616394776767_500.jpg
821,002023,NJ4FR52J 화이트라벨 라인 엑스 플리스 자켓 BLACK,https://www.musinsa.com/products/5752695,https://image.msscdn.net/images/goods_img/20251119/5752695/5752695_17635316595601_500.jpg
822,002023,스포츠웨어 클럽 하이파일 플리스 코치 재킷 M - 라이트 카키:화이트 / HV1430-297,https://www.musinsa.com/products/5408965,https://image.msscdn.net/images/goods_img/20250905/5408965/5408965_17606686612980_500.jpg
823,002023,리버시블 퀼티드 & 플리스 라이너 자켓 블랙,https://www.musinsa.com/products/5720428,https://image.msscdn.net/images/goods_img/20251112/5720428/5720428_17634297461188_500.jpg
824,002023,패널 플리스 카라 집업 [오트밀],https://www.musinsa.com/products/5595705,https://image.msscdn.net/images/goods_img/20251015/5595705/5595705_17624900543267_500.jpg
825,002023,W24 FLEECE PULLOVER (orange),https://www.musinsa.com/products/5471807,https://image.msscdn.net/images/goods_img/20250916/5471807/5471807_17580857011716_500.jpg
826,002023,쉐르파 플리스 슬래쉬 후드 자켓_차콜,https://www.musinsa.com/products/5477159,https://image.msscdn.net/images/goods_img/20250917/5477159/5477159_17581840830008_500.jpg
827,002023,FLEECE RAGLAN FULL ZIP-UP (BROWN),https://www.musinsa.com/products/5688766,https://image.msscdn.net/images/goods_img/20251105/5688766/5688766_17629358988401_500.jpg
828,002023,NEO GRID (네오 그리드) UNI 플리스 자켓_Black,https://www.musinsa.com/products/4471358,https://image.msscdn.net/images/goods_img/20240927/4471358/4471358_17274072403145_500.jpg
829,002023,NJ4FR57B 테디 플리스 가디건 DARK BEIGE,https://www.musinsa.com/products/5747317,https://image.msscdn.net/images/goods_img/20251118/5747317/5747317_17634450254389_500.jpg
830,002023,NEO GRID (네오 그리드) UNI 플리스 자켓_Light Beige,https://www.musinsa.com/products/4558276,https://image.msscdn.net/images/goods_img/20241025/4558276/4558276_17298249406105_500.jpg
831,002023,NV4FR55B 데날리 플리스 베스트 LIGHT BEIGE,https://www.musinsa.com/products/5660195,https://image.msscdn.net/images/goods_img/20251029/5660195/5660195_17617180778574_500.jpg
832,002023,T Sherpa Fleece Jacket Grey,https://www.musinsa.com/products/4345054,https://image.msscdn.net/images/goods_img/20240820/4345054/4345054_17248076314401_500.jpg
833,002023,NJ4FR57A 테디 플리스 가디건 CHARCOAL,https://www.musinsa.com/products/5736316,https://image.msscdn.net/images/goods_img/20251114/5736316/5736316_17631019989142_500.jpg
834,002023,패널 플리스 카라 집업 [차콜],https://www.musinsa.com/products/5595893,https://image.msscdn.net/images/goods_img/20251015/5595893/5595893_17624900384313_500.jpg
835,002023,2WAY 레트로 마운틴 1941 셰르파 플리스 집업 (JR5TZU195BR),https://www.musinsa.com/products/5355276,https://image.msscdn.net/images/goods_img/20250822/5355276/5355276_17592764173055_500.jpg
836,002023,유니섹스 플리스 더플 후드 코트 자켓 [블랙],https://www.musinsa.com/products/4515027,https://image.msscdn.net/images/goods_img/20241014/4515027/4515027_17301774872815_500.jpg
837,002023,스포츠웨어 클럽 하이파일 플리스 코치 재킷 M - 블랙:화이트 / HV1430-010,https://www.musinsa.com/products/5398386,https://image.msscdn.net/images/goods_img/20250903/5398386/5398386_17575793493933_500.jpg
838,002023,FLEECE DRIZZLER JACKET _ DARK GREEN,https://www.musinsa.com/products/4422957,https://image.msscdn.net/images/goods_img/20240909/4422957/4422957_17261079266753_500.jpg
839,002023,베이직 퍼플리스 집업_SPFZF4TC01,https://www.musinsa.com/products/2108160,https://image.msscdn.net/images/goods_img/20210903/2108160/2108160_17605996485185_500.jpg
840,002023,FLEECE VARSITY JACKET (IVORY) [LRSWCFU901M],https://www.musinsa.com/products/3577977,https://image.msscdn.net/images/goods_img/20230920/3577977/3577977_16956278592388_500.jpg
841,002024,울 롱 더블 로브 코트_블랙,https://www.musinsa.com/products/5683256,https://image.msscdn.net/images/goods_img/20251104/5683256/5683256_17622352403321_500.jpg
842,002024,[0089] 부클 더블 롱 코트 - 그레이,https://www.musinsa.com/products/5698667,https://image.msscdn.net/images/goods_img/20251107/5698667/5698667_17624953589782_500.jpg
843,002024,클래식 하이넥 보스턴 발마칸 하프 윈터 패디드 싱글 코트 자켓 [블랙],https://www.musinsa.com/products/5708685,https://image.msscdn.net/images/goods_img/20251110/5708685/5708685_17627592894757_500.jpg
844,002024,(우먼) 울 발마칸 하프 코트_멜란지그레이,https://www.musinsa.com/products/5645816,https://image.msscdn.net/images/goods_img/20251027/5645816/5645816_17627395401092_500.jpg
845,002024,[ON]캐시미어 오버핏 더블 롱 코트 - 2color,https://www.musinsa.com/products/5526258,https://image.msscdn.net/images/goods_img/20250924/5526258/5526258_17630859791251_500.jpg
846,002024,울 블랜디드 피코트  네이비,https://www.musinsa.com/products/5684113,https://image.msscdn.net/images/goods_img/20251104/5684113/5684113_17622404102623_500.jpg
847,002024,프리미어 울 더블 롱코트_블랙,https://www.musinsa.com/products/5733672,https://image.msscdn.net/images/goods_img/20251114/5733672/5733672_17630837630065_500.jpg
848,002024,울 블렌드 대디 숄더 롱 폴로 코트 [블랙],https://www.musinsa.com/products/4209277,https://image.msscdn.net/images/goods_img/20240620/4209277/4209277_17297469060524_500.jpg
849,002024,프리미어 퓨어 캐시미어 로브 더블 코트 [CHESTNUT BROWN],https://www.musinsa.com/products/2085823,https://image.msscdn.net/images/goods_img/20210825/2085823/2085823_17588739997509_500.jpg
850,002024,M OFFICER COAT dark brown,https://www.musinsa.com/products/4477374,https://image.msscdn.net/images/goods_img/20240930/4477374/4477374_17294953395840_500.jpg
851,002024,[변우석 착용] 울/캐시미어 혼방 더블 코트 074918 [3color],https://www.musinsa.com/products/4539927,https://image.msscdn.net/images/goods_img/20241021/4539927/4539927_17313059903667_500.jpg
852,002024,울 블렌드 핸드 메이드 더블 코트 다크그레이 COOSCT025DGRAY,https://www.musinsa.com/products/4461068,https://image.msscdn.net/images/goods_img/20240925/4461068/4461068_17278344387146_500.jpg
853,002024,울 블렌드 오버핏 더블 코트 [블랙],https://www.musinsa.com/products/4407440,https://image.msscdn.net/images/goods_img/20240905/4407440/4407440_17580709942394_500.jpg
854,002024,VIRGIN WOOL NAVY ORIGINAL COAT [Black Night],https://www.musinsa.com/products/2830171,https://image.msscdn.net/images/goods_img/20220929/2830171/2830171_1_500.jpg
855,002024,OVERSIZED CASHMERE DOUBLE BREASTED COAT BLACK,https://www.musinsa.com/products/3563284,https://image.msscdn.net/images/goods_img/20230915/3563284/3563284_17282608161391_500.jpg
856,002024,울 블렌드 엑스트라 오버사이즈 피코트 [차콜 그레이],https://www.musinsa.com/products/4209282,https://image.msscdn.net/images/goods_img/20240620/4209282/4209282_17290576288034_500.jpg
857,002024,마르코 핸드메이드 더블코트 로버그레이,https://www.musinsa.com/products/5316869,https://image.msscdn.net/images/goods_img/20250812/5316869/5316869_17645590165493_500.png
858,002024,캐시미어 블렌드 대디 숄더 더블 롱 코트 [건메탈],https://www.musinsa.com/products/4211922,https://image.msscdn.net/images/goods_img/20240621/4211922/4211922_17325139011430_500.jpg
859,002024,핸드메이드 캐시미어 더블 로브 코트 [BLACK],https://www.musinsa.com/products/3614260,https://image.msscdn.net/images/goods_img/20231010/3614260/3614260_17588551320268_500.jpg
860,002024,[캐시미어 블렌드] 대디 피크드 더블 코트 블랙 IECO4F002BK,https://www.musinsa.com/products/4412855,https://image.msscdn.net/images/goods_img/20240905/4412855/4412855_17259435742194_500.jpg
861,002024,PEA COAT (BLACK),https://www.musinsa.com/products/5671872,https://image.msscdn.net/images/goods_img/20251031/5671872/5671872_17618855661465_500.jpg
862,002024,네스트 체스터필드 코트 - 캐시 브라운,https://www.musinsa.com/products/5493452,https://image.msscdn.net/images/goods_img/20250919/5493452/5493452_17592082615930_500.jpg
863,002024,[ON]캐시미어 발마칸 오버핏 하프 코트 - 2color,https://www.musinsa.com/products/4482786,https://image.msscdn.net/images/goods_img/20241002/4482786/4482786_17630853048500_500.jpg
864,002024,클래식 하이넥 보스턴 발마칸 하프 윈터 패디드 싱글 코트 자켓 [차콜],https://www.musinsa.com/products/5708628,https://image.msscdn.net/images/goods_img/20251110/5708628/5708628_17627591437538_500.jpg
865,002024,[WOOL 90] 스터디드 체스터 울 더블 코트 [블랙],https://www.musinsa.com/products/5546435,https://image.msscdn.net/images/goods_img/20250929/5546435/5546435_17621545535796_500.jpg
866,002024,Wool Long Double Coat Brown,https://www.musinsa.com/products/4498232,https://image.msscdn.net/images/goods_img/20241008/4498232/4498232_17283718927017_500.jpg
867,002024,울 발마칸 로브 코트_블랙,https://www.musinsa.com/products/5683300,https://image.msscdn.net/images/goods_img/20251104/5683300/5683300_17622355543416_500.jpg
868,002024,울 퓨어  얼스터 코트_BLACK,https://www.musinsa.com/products/2826167,https://image.msscdn.net/images/goods_img/20220928/2826167/2826167_1_500.jpg
869,002024,로우컷 피크드라펠 코트 (멜란지브라운),https://www.musinsa.com/products/2791379,https://image.msscdn.net/images/goods_img/20220914/2791379/2791379_16932919445877_500.jpg
870,002024,(우먼) 울 더플 하프 코트_차콜,https://www.musinsa.com/products/5645813,https://image.msscdn.net/images/goods_img/20251027/5645813/5645813_17624992176898_500.jpg
871,002025,시어링 카라 CWU 자켓 BROWN,https://www.musinsa.com/products/5594584,https://image.msscdn.net/images/goods_img/20251015/5594584/5594584_17615332109919_500.jpg
872,002025,헤이즐 무스탕 블루종_Mocha,https://www.musinsa.com/products/5660408,https://image.msscdn.net/images/goods_img/20251029/5660408/5660408_17630939679623_500.jpg
873,002025,[데일리룸 PICK] 워시드 크롭 데님 무스탕 [블랙],https://www.musinsa.com/products/5595391,https://image.msscdn.net/images/goods_img/20251015/5595391/5595391_17624897516097_500.jpg
874,002025,시어링 카라 CWU 자켓 BLACK,https://www.musinsa.com/products/5594577,https://image.msscdn.net/images/goods_img/20251015/5594577/5594577_17615331817834_500.jpg
875,002025,8294 빈티지 코팅 무스탕 (BROWN),https://www.musinsa.com/products/5700133,https://image.msscdn.net/images/goods_img/20251107/5700133/5700133_17624906932452_500.jpg
876,002025,더스크 레더 무스탕 자켓_Black,https://www.musinsa.com/products/5660420,https://image.msscdn.net/images/goods_img/20251029/5660420/5660420_17630943220819_500.jpg
877,002025,FIRE FAUX MOUTON JACKET-BEIGE,https://www.musinsa.com/products/3416080,https://image.msscdn.net/images/goods_img/20230719/3416080/3416080_17247363209648_500.jpg
878,002025,셰르파 A-2 무스탕 점퍼 BROWN,https://www.musinsa.com/products/5594612,https://image.msscdn.net/images/goods_img/20251015/5594612/5594612_17615296569211_500.jpg
879,002025,빈티지 레더 카라 무스탕 브라운,https://www.musinsa.com/products/5653339,https://image.msscdn.net/images/goods_img/20251028/5653339/5653339_17618770951750_500.jpg
880,002025,셰르파 A-2 무스탕 점퍼 BLACK,https://www.musinsa.com/products/5594602,https://image.msscdn.net/images/goods_img/20251015/5594602/5594602_17615296283424_500.jpg
881,002025,[0085] 헤비 웨스턴 무스탕 - 블랙,https://www.musinsa.com/products/5735877,https://image.msscdn.net/images/goods_img/20251114/5735877/5735877_17630995337670_500.jpg
882,002025,VTG 워시드 보아 플리스 무톤 자켓 블루쉬 차콜,https://www.musinsa.com/products/4612443,https://image.msscdn.net/images/goods_img/20241113/4612443/4612443_17316307927157_500.jpg
883,002025,컨트라스트 쉬어링 패널 무스탕 [브라운],https://www.musinsa.com/products/5693489,https://image.msscdn.net/images/goods_img/20251106/5693489/5693489_17624033210173_500.jpg
884,002025,TANKER JUMPER [Sailor Blue],https://www.musinsa.com/products/2962647,https://image.msscdn.net/images/goods_img/20221128/2962647/2962647_17000259827438_500.jpg
885,002025,프리미엄 피크 오버핏 무스탕_Brown,https://www.musinsa.com/products/4660137,https://image.msscdn.net/images/goods_img/20241211/4660137/4660137_17358066916452_500.jpg
886,002025,라칸 B-3 무스탕 자켓 (빈티지 브라운),https://www.musinsa.com/products/5594805,https://image.msscdn.net/images/goods_img/20251015/5594805/5594805_17615489250821_500.jpg
887,002025,라칸 B-3 무스탕 자켓 (빈티지 블랙),https://www.musinsa.com/products/5594801,https://image.msscdn.net/images/goods_img/20251015/5594801/5594801_17615489136778_500.jpg
888,002025,70263 빈티지코팅무스탕_브라운,https://www.musinsa.com/products/3696651,https://image.msscdn.net/images/goods_img/20231108/3696651/3696651_16995836179892_500.jpg
889,002025,[데일리룸 PICK] 하이넥 트랙 무톤 자켓 CAMEL,https://www.musinsa.com/products/5594620,https://image.msscdn.net/images/goods_img/20251015/5594620/5594620_17615388097577_500.jpg
890,002025,오버사이즈 라인 무스탕 자켓 [BROWN],https://www.musinsa.com/products/5543150,https://image.msscdn.net/images/goods_img/20250929/5543150/5543150_17592851249206_500.jpg
891,002025,리버시블 하프 무스탕 자켓 [헤이즐넛],https://www.musinsa.com/products/3756848,https://image.msscdn.net/images/goods_img/20231214/3756848/3756848_17032239087132_500.jpg
892,002025,오버핏 미니멀 포켓 집업 무스탕 (브라운),https://www.musinsa.com/products/5558363,https://image.msscdn.net/images/goods_img/20251001/5558363/5558363_17592867466790_500.jpg
893,002025,빈티지 무스탕 봄버 브라운,https://www.musinsa.com/products/5515781,https://image.msscdn.net/images/goods_img/20250923/5515781/5515781_17611158526265_500.jpg
894,002025,비더블유 쉐어링 무스탕 GKDJP15 (BLACK),https://www.musinsa.com/products/5728702,https://image.msscdn.net/images/goods_img/20251113/5728702/5728702_17630143962440_500.jpg
895,002025,블레스 무스탕 퍼 자켓 베이지,https://www.musinsa.com/products/2804512,https://image.msscdn.net/images/goods_img/20220920/2804512/2804512_3_500.jpg
896,002025,빈티지 시어링 미들 레더 자켓 [에스프레소],https://www.musinsa.com/products/4478607,https://image.msscdn.net/images/goods_img/20240930/4478607/4478607_17315484857930_500.jpg
897,002025,70103 VEGAN LEATHER MUSTANG_BURGANDY,https://www.musinsa.com/products/2871602,https://image.msscdn.net/images/goods_img/20221018/2871602/2871602_3_500.jpg
898,002025,스웨이드 세미 오버 라인 무스탕 맨 (브라운),https://www.musinsa.com/products/5557845,https://image.msscdn.net/images/goods_img/20251001/5557845/5557845_17592846858964_500.jpg
899,002025,FUR POINT LEATHER MUSTANG JUMPER FOR MEN IN BROWN,https://www.musinsa.com/products/4622538,https://image.msscdn.net/images/goods_img/20241119/4622538/4622538_17319821798974_500.jpg
900,002025,카이브 레더 와펜 무스탕 자켓 남녀공용 (2컬러),https://www.musinsa.com/products/4644535,https://image.msscdn.net/images/goods_img/20241202/4644535/4644535_17634482424428_500.png
901,002027,수페리어 다운 자켓 남성 - LGY / JBWIWMDJ084,https://www.musinsa.com/products/5673049,https://image.msscdn.net/images/goods_img/20251031/5673049/5673049_17618967064077_500.jpg
902,002027,NJ1DR61J 화이트라벨 칼데라 다운 자켓 (RDS) BLACK,https://www.musinsa.com/products/5683549,https://image.msscdn.net/images/goods_img/20251104/5683549/5683549_17622372449640_500.jpg
903,002027,미니멀 경량 후디드 패딩 자켓 _Gray,https://www.musinsa.com/products/5658718,https://image.msscdn.net/images/goods_img/20251029/5658718/5658718_17617120121525_500.jpg
904,002027,미니멀 경량 후디드 패딩 자켓 _Beige,https://www.musinsa.com/products/5658688,https://image.msscdn.net/images/goods_img/20251029/5658688/5658688_17617117328206_500.jpg
905,002027,페이크 레더 논퀼팅 푸퍼 재킷  블랙,https://www.musinsa.com/products/5683945,https://image.msscdn.net/images/goods_img/20251104/5683945/5683945_17622396149565_500.jpg
906,002027,쉐이드 쉘 라이트 다운 푸퍼 패딩 라이트그레이,https://www.musinsa.com/products/5695250,https://image.msscdn.net/images/goods_img/20251106/5695250/5695250_17625006782048_500.jpg
907,002027,NV4FR50J 화이트라벨 라인 엑스 플리스 베스트 BLACK,https://www.musinsa.com/products/5714518,https://image.msscdn.net/images/goods_img/20251111/5714518/5714518_17628426048958_500.jpg
908,002027,US 플라즈마 1000 다운 자켓 남성 - LTSV / JBWIWMDL062,https://www.musinsa.com/products/5673051,https://image.msscdn.net/images/goods_img/20251031/5673051/5673051_17618967265223_500.jpg
909,002027,PrimaLoft® Nova Insulated Jacket Brick,https://www.musinsa.com/products/5661733,https://image.msscdn.net/images/goods_img/20251029/5661733/5661733_17617255776235_500.jpg
910,002027,데일리 푸퍼 패딩 베스트 [블랙],https://www.musinsa.com/products/4297636,https://image.msscdn.net/images/goods_img/20240805/4297636/4297636_17285295455964_500.jpg
911,002027,미니멀 경량 후디드 패딩 자켓 _Glossy Black,https://www.musinsa.com/products/5658711,https://image.msscdn.net/images/goods_img/20251029/5658711/5658711_17629979475107_500.jpg
912,002027,써마 핏 ADV 리펠 다운 러닝 베스트 M - 블루 보이드 / FB7543-492,https://www.musinsa.com/products/5674486,https://image.msscdn.net/images/goods_img/20251031/5674486/5674486_17623980233308_500.jpg
913,002027,N254UDW910 포울리 스탠드넥 튜브 덕다운 점퍼 BLACK,https://www.musinsa.com/products/5648167,https://image.msscdn.net/images/goods_img/20251027/5648167/5648167_17615503704136_500.jpg
914,002027,PrimaLoft® Nova Insulated Jacket Black,https://www.musinsa.com/products/5661758,https://image.msscdn.net/images/goods_img/20251029/5661758/5661758_17617256909188_500.jpg
915,002027,[물바다 PICK] CURVED ZIPPER LIGHTWEIGHT PUFFER JACKET - SKY BLUE,https://www.musinsa.com/products/5676312,https://image.msscdn.net/images/goods_img/20251103/5676312/5676312_17634334409958_500.jpg
916,002027,마이크로라이트 알파인 자켓 Light khaki/Stone,https://www.musinsa.com/products/5676085,https://image.msscdn.net/images/goods_img/20251103/5676085/5676085_17623094918941_500.jpg
917,002027,PUFFY (퍼피) 남성 3D 푸퍼 다운 자켓_Black,https://www.musinsa.com/products/4558264,https://image.msscdn.net/images/goods_img/20241025/4558264/4558264_17298248694970_500.jpg
918,002027,NV1DR59A 남성 스카이 다운 베스트 (RDS) BLACK,https://www.musinsa.com/products/5672973,https://image.msscdn.net/images/goods_img/20251031/5672973/5672973_17618925029227_500.jpg
919,002027,슈퍼라이트 인슐레이션 점퍼 블랙,https://www.musinsa.com/products/5431749,https://image.msscdn.net/images/goods_img/20250909/5431749/5431749_17591945997677_500.jpg
920,002027,미틱 G 자켓 CLOUD,https://www.musinsa.com/products/5363831,https://image.msscdn.net/images/goods_img/20250826/5363831/5363831_17593809781902_500.jpg
921,002027,Light Duck Down Hood Padding - Beige,https://www.musinsa.com/products/5693058,https://image.msscdn.net/images/goods_img/20251106/5693058/5693058_17623966210965_500.jpg
922,002027,미니멀 경량 후디드 패딩 자켓 _White,https://www.musinsa.com/products/4696393,https://image.msscdn.net/images/goods_img/20250103/4696393/4696393_17629977169170_500.jpg
923,002027,미니멀 경량 후디드 패딩 자켓 _9Color,https://www.musinsa.com/products/5618059,https://image.msscdn.net/images/goods_img/20251021/5618059/5618059_17629967026861_500.jpg
924,002027,M65 Down Blouson Parka Black,https://www.musinsa.com/products/2192363,https://image.msscdn.net/images/goods_img/20211021/2192363/2192363_2_500.jpg
925,002027,[AW25] HELIUM DOWN JACKET / SHEER DUSTY BLUE,https://www.musinsa.com/products/5655155,https://image.msscdn.net/images/goods_img/20251028/5655155/5655155_17616397313302_500.jpg
926,002027,LIGHT WEIGHT DOWN GREY,https://www.musinsa.com/products/5672197,https://image.msscdn.net/images/goods_img/20251031/5672197/5672197_17618908366503_500.jpg
927,002027,미니멀 경량 후디드 패딩 자켓 _Olive,https://www.musinsa.com/products/5729108,https://image.msscdn.net/images/goods_img/20251113/5729108/5729108_17630166043073_500.jpg
928,002027,Wind Break Quilting Vest Black,https://www.musinsa.com/products/5693060,https://image.msscdn.net/images/goods_img/20251106/5693060/5693060_17623978777689_500.jpg
929,002027,공용) Lite 글로시 후드 다운 점퍼,https://www.musinsa.com/products/5364448,https://image.msscdn.net/images/goods_img/20250826/5364448/5364448_17630993153233_500.png
930,002027,[써모라이트] 라이트 패딩 자켓 그레이,https://www.musinsa.com/products/5551581,https://image.msscdn.net/images/goods_img/20250930/5551581/5551581_17600752932254_500.jpg
931,003002,심플 와이드핏 워시드 데님 팬츠 (WASHED BLACK),https://www.musinsa.com/products/5702984,https://image.msscdn.net/images/goods_img/20251107/5702984/5702984_17626669524003_500.jpg
932,003002,LVC 1922 501® 진 KATAKANA RIGID_A4410-0002,https://www.musinsa.com/products/5693502,https://image.msscdn.net/images/goods_img/20251106/5693502/5693502_17628209756832_500.jpg
933,003002,세미 와이드 데님 [WHITE],https://www.musinsa.com/products/5614432,https://image.msscdn.net/images/goods_img/20251020/5614432/5614432_17630174643971_500.jpg
934,003002,오브 코듀로이 데님팬츠 (중청),https://www.musinsa.com/products/5606869,https://image.msscdn.net/images/goods_img/20251017/5606869/5606869_17617876390147_500.png
935,003002,올브러쉬 세미 와이드 데님팬츠 (블루),https://www.musinsa.com/products/5370365,https://image.msscdn.net/images/goods_img/20250827/5370365/5370365_17567018163988_500.jpg
936,003002,TX301 커브드 배기 벌룬 데님 (중청),https://www.musinsa.com/products/5681967,https://image.msscdn.net/images/goods_img/20251104/5681967/5681967_17627561234005_500.jpg
937,003002,VLAD 페이드 워싱 세미와이드 디스진_더스트 블랙,https://www.musinsa.com/products/4872073,https://image.msscdn.net/images/goods_img/20250307/4872073/4872073_17418335312666_500.jpg
938,003002,TX302 커브드 배기 벌룬 데님 (생지),https://www.musinsa.com/products/5681985,https://image.msscdn.net/images/goods_img/20251104/5681985/5681985_17627562661575_500.jpg
939,003002,TX307 커브드 배기 벌룬 데님 (아이보리),https://www.musinsa.com/products/5682033,https://image.msscdn.net/images/goods_img/20251104/5682033/5682033_17629155390086_500.jpg
940,003002,뒷밴딩 무지 와이드 데님 팬츠[블랙],https://www.musinsa.com/products/5529446,https://image.msscdn.net/images/goods_img/20250925/5529446/5529446_17627730387047_500.jpg
941,003002,시그니처 와이드 데님 팬츠 틴 블루,https://www.musinsa.com/products/5021965,https://image.msscdn.net/images/goods_img/20250414/5021965/5021965_17445987704516_500.jpg
942,003002,슬래쉬 스트레이트 데님 팬츠 [라이트 인디고],https://www.musinsa.com/products/2447797,https://image.msscdn.net/images/goods_img/20220328/2447797/2447797_17140296915895_500.jpg
943,003002,[기모/사계절] 릴렉스 세미 와이드 데님 팬츠 (5color),https://www.musinsa.com/products/5717317,https://image.msscdn.net/images/goods_img/20251111/5717317/5717317_17628569113447_500.jpg
944,003002,TX304 커브드 배기 벌룬 데님 (블랙),https://www.musinsa.com/products/5682006,https://image.msscdn.net/images/goods_img/20251104/5682006/5682006_17627537331979_500.jpg
945,003002,브러쉬드 스트레이트 데님 팬츠-인디고,https://www.musinsa.com/products/5345751,https://image.msscdn.net/images/goods_img/20250820/5345751/5345751_17580847066029_500.jpg
946,003002,[프리미엄] CALIK 레귤러 핏 데님 팬츠 [워시드 블랙],https://www.musinsa.com/products/3051665,https://image.msscdn.net/images/goods_img/20230201/3051665/3051665_17138662960472_500.jpg
947,003002,[메르고X플랙] 스트레이트 데님팬츠 K54 블랙,https://www.musinsa.com/products/4933446,https://image.msscdn.net/images/goods_img/20250324/4933446/4933446_17428051376102_500.jpg
948,003002,셀비지 진 (SELVAGE),https://www.musinsa.com/products/4759208,https://image.msscdn.net/images/goods_img/20250205/4759208/4759208_17404434852283_500.jpg
949,003002,딥 워싱 와이드 데님 팬츠  (WASHED DARK BLUE),https://www.musinsa.com/products/4486346,https://image.msscdn.net/images/goods_img/20241004/4486346/4486346_17280197852173_500.jpg
950,003002,논페이드 웨이브 라인 커브드 데님 팬츠[브라운],https://www.musinsa.com/products/5565075,https://image.msscdn.net/images/goods_img/20251002/5565075/5565075_17618925626624_500.jpg
951,003002,사이드 턱 커브드 와이드 데님 팬츠 (WASHED GREY),https://www.musinsa.com/products/5703029,https://image.msscdn.net/images/goods_img/20251107/5703029/5703029_17626670021610_500.jpg
952,003002,STONE WASHED PANTS (BLACK),https://www.musinsa.com/products/4302293,https://image.msscdn.net/images/goods_img/20240806/4302293/4302293_17242905985704_500.jpg
953,003002,[십이층 pick] 워싱 카펜터 데님 팬츠 차콜,https://www.musinsa.com/products/3866841,https://image.msscdn.net/images/goods_img/20240214/3866841/3866841_17097039838889_500.jpg
954,003002,스플릿 아크 커브드 데님팬츠,https://www.musinsa.com/products/5720118,https://image.msscdn.net/images/goods_img/20251112/5720118/5720118_17629168219603_500.jpg
955,003002,505™ 레귤러 웜진_00505-2904,https://www.musinsa.com/products/4651112,https://image.msscdn.net/images/goods_img/20241205/4651112/4651112_17333779170071_500.jpg
956,003002,Mid Rise Wide Jeans DCPT027CPBrown,https://www.musinsa.com/products/3495044,https://image.msscdn.net/images/goods_img/20230824/3495044/3495044_16944053308667_500.jpg
957,003002,시티 와이드 데님 팬츠 (LIGHT BLUE),https://www.musinsa.com/products/3106677,https://image.msscdn.net/images/goods_img/20230224/3106677/3106677_16786930074985_500.jpg
958,003002,에브리데이 와이드 데님 팬츠 [딥 블루],https://www.musinsa.com/products/4747242,https://image.msscdn.net/images/goods_img/20250130/4747242/4747242_17400029768423_500.jpg
959,003002,뒷밴딩 무지 워싱 와이드 데님 팬츠[인디고블루],https://www.musinsa.com/products/5529533,https://image.msscdn.net/images/goods_img/20250925/5529533/5529533_17618189884226_500.jpg
960,003002,Curve wide 04 - off white,https://www.musinsa.com/products/2750848,https://image.msscdn.net/images/goods_img/20220829/2750848/2750848_17059982807931_500.jpg
961,003004,500g 헤비코튼 심플 와이드핏 벌룬 스웻 팬츠 (CHARCOAL),https://www.musinsa.com/products/5704811,https://image.msscdn.net/images/goods_img/20251108/5704811/5704811_17626673483628_500.jpg
962,003004,기모안감 롱숏 사이드핀턱 와이드팬츠 4COLOR,https://www.musinsa.com/products/5695430,https://image.msscdn.net/images/goods_img/20251106/5695430/5695430_17624134389645_500.jpg
963,003004,플리스 팬츠 - 1% 멜란지,https://www.musinsa.com/products/5689541,https://image.msscdn.net/images/goods_img/20251105/5689541/5689541_17624130216705_500.jpg
964,003004,D20 (기모) 원턱 와이드 루즈핏 스웨트 팬츠 (멜란지),https://www.musinsa.com/products/5736962,https://image.msscdn.net/images/goods_img/20251114/5736962/5736962_17631062862347_500.jpg
965,003004,[유소정 PICK] (DEFG X US) FLEECE PANTS [3COLOR],https://www.musinsa.com/products/5727517,https://image.msscdn.net/images/goods_img/20251113/5727517/5727517_17630059243446_500.jpg
966,003004,남성 액티브 웨어 기모 니트 팬츠 OH (94094101),https://www.musinsa.com/products/5685477,https://image.msscdn.net/images/goods_img/20251104/5685477/5685477_17622525698968_500.jpg
967,003004,루프 커브드 스웨트 팬츠 [멜란지 그레이],https://www.musinsa.com/products/5687967,https://image.msscdn.net/images/goods_img/20251105/5687967/5687967_17627601870523_500.jpg
968,003004,[기모ver.] 나일론 카고 팬츠_블랙,https://www.musinsa.com/products/5645823,https://image.msscdn.net/images/goods_img/20251027/5645823/5645823_17624068108014_500.jpg
969,003004,Local Nylon Pants - 2COL,https://www.musinsa.com/products/4949205,https://image.msscdn.net/images/goods_img/20250326/4949205/4949205_17434831190552_500.jpg
970,003004,Snake Bone Sweat Pants - Black,https://www.musinsa.com/products/5625538,https://image.msscdn.net/images/goods_img/20251022/5625538/5625538_17617028694416_500.jpg
971,003004,GP175 사이드 컬러블록 스웨이드 벌룬 팬츠 (BROWN),https://www.musinsa.com/products/5593883,https://image.msscdn.net/images/goods_img/20251015/5593883/5593883_17635208024883_500.jpg
972,003004,하이커 모어 라이닝 스웨트-팬츠 블랙,https://www.musinsa.com/products/2786732,https://image.msscdn.net/images/goods_img/20220913/2786732/2786732_1_500.jpg
973,003004,백 프린팅 와이드 기모 트레이닝 팬츠[와인],https://www.musinsa.com/products/5644324,https://image.msscdn.net/images/goods_img/20251025/5644324/5644324_17630903731980_500.jpg
974,003004,[옷미새 미홀 PICK] 커브드 스웨트 팬츠 (블랙),https://www.musinsa.com/products/5612903,https://image.msscdn.net/images/goods_img/20251020/5612903/5612903_17618883782058_500.jpg
975,003004,스티치 와이드 스웨트 팬츠 [블랙],https://www.musinsa.com/products/3475618,https://image.msscdn.net/images/goods_img/20230818/3475618/3475618_17187591884761_500.jpg
976,003004,Buckle Nylon Cargo Pants - Navy,https://www.musinsa.com/products/5085998,https://image.msscdn.net/images/goods_img/20250502/5085998/5085998_17470313236837_500.jpg
977,003004,(기모 ver)백포켓 체크 벌룬 팬츠 브라운,https://www.musinsa.com/products/5687603,https://image.msscdn.net/images/goods_img/20251105/5687603/5687603_17623253347864_500.jpg
978,003004,워크 플리스 팬츠_GREY,https://www.musinsa.com/products/5658224,https://image.msscdn.net/images/goods_img/20251029/5658224/5658224_17621545410966_500.jpg
979,003004,D19 (기모) 스트레이트 사이드핀턱 벌룬 스웨트 팬츠 (브라운),https://www.musinsa.com/products/5735604,https://image.msscdn.net/images/goods_img/20251114/5735604/5735604_17630984739249_500.jpg
980,003004,코지 벌룬핏 원턱 기모 팬츠 ( 6Color ),https://www.musinsa.com/products/5647851,https://image.msscdn.net/images/goods_img/20251027/5647851/5647851_17622213210361_500.jpg
981,003004,"WIDE FLEECE SWEAT PANTS, GRAY",https://www.musinsa.com/products/5676819,https://image.msscdn.net/images/goods_img/20251103/5676819/5676819_17621413628164_500.jpg
982,003004,(기모)Signature relax wide pants (2colors),https://www.musinsa.com/products/5763509,https://image.msscdn.net/images/goods_img/20251121/5763509/5763509_17637099964913_500.jpg
983,003004,나일론 원턱 카고 파라슈트 팬츠 (블랙),https://www.musinsa.com/products/5368317,https://image.msscdn.net/images/goods_img/20250827/5368317/5368317_17562665583706_500.jpg
984,003004,D20 (기모) 원턱 와이드 루즈핏 스웨트 팬츠 (브라운),https://www.musinsa.com/products/5736961,https://image.msscdn.net/images/goods_img/20251114/5736961/5736961_17631064211444_500.jpg
985,003004,라고 기모 조거 팬츠 (S25WUTPT24) Beige Gray,https://www.musinsa.com/products/5650738,https://image.msscdn.net/images/goods_img/20251028/5650738/5650738_17616167871531_500.jpg
986,003004,모던 스포츠 경량 팬츠 KC2841,https://www.musinsa.com/products/5359665,https://image.msscdn.net/images/goods_img/20250825/5359665/5359665_17561103073350_500.jpg
987,003004,소프트 플리스 스트링 팬츠 (NAVY),https://www.musinsa.com/products/4319251,https://image.msscdn.net/images/goods_img/20240812/4319251/4319251_17242057555637_500.jpg
988,003004,컴피 리버스 플리츠 스웻 팬츠 [BROWN],https://www.musinsa.com/products/4806985,https://image.msscdn.net/images/goods_img/20250219/4806985/4806985_17410732375766_500.jpg
989,003004,오블리크 딥턱 스웨트 팬츠 [블랙],https://www.musinsa.com/products/3818316,https://image.msscdn.net/images/goods_img/20240124/3818316/3818316_17188477172546_500.jpg
990,003004,Embroidery Piping Fleece Sweat Pants-Brown,https://www.musinsa.com/products/5658309,https://image.msscdn.net/images/goods_img/20251029/5658309/5658309_17618818237302_500.jpg
991,003005,[2PACK]*러닝 기모 타이즈 레깅스,https://www.musinsa.com/products/5665314,https://image.msscdn.net/images/goods_img/20251030/5665314/5665314_17618008164486_500.jpg
992,003005,[힛탠다드]짐 컴프레션 레깅스 (2color),https://www.musinsa.com/products/3056184,https://image.msscdn.net/images/goods_img/20230202/3056184/3056184_17472917906447_500.jpg
993,003005,짐 하이브리드 레깅스 팬츠 (2color),https://www.musinsa.com/products/3056212,https://image.msscdn.net/images/goods_img/20230202/3056212/3056212_17434000375192_500.jpg
994,003005,테크핏 컴프레션 트레이닝 롱 레깅스 IN5590,https://www.musinsa.com/products/5142775,https://image.msscdn.net/images/goods_img/20250523/5142775/5142775_17490354897002_500.jpg
995,003005,RX 맨즈 기모 포켓 레깅스 XMK4PT1001,https://www.musinsa.com/products/5466602,https://image.msscdn.net/images/goods_img/20250916/5466602/5466602_17579844738925_500.jpg
996,003005,컴팩트 멀티 스포츠 2in1 러닝 남녀 운동복 짐웨어 레깅스 팬츠 바지 W (2컬러),https://www.musinsa.com/products/5369616,https://image.msscdn.net/images/goods_img/20250827/5369616/5369616_17562752301999_500.jpg
997,003005,에어셀  멀티 스포츠(짐웨어 러닝 워터) 남성 레깅스 팬츠,https://www.musinsa.com/products/4186098,https://image.msscdn.net/images/goods_img/20240610/4186098/4186098_17605117851767_500.jpg
998,003005,[힛탠다드]컴프레션 레깅스 (블랙),https://www.musinsa.com/products/1466284,https://image.msscdn.net/images/goods_img/20200528/1466284/1466284_17228236161876_500.jpg
999,003005,베이스 레이어 레깅스 XP2124F,https://www.musinsa.com/products/5235326,https://image.msscdn.net/images/goods_img/20250709/5235326/5235326_17520394568440_500.jpg
1000,003005,러닝 기모 타이즈 레깅스,https://www.musinsa.com/products/4369456,https://image.msscdn.net/images/goods_img/20240826/4369456/4369456_17253512623937_500.jpg
1001,003005,히트기어 아머 레깅스 1361586-001,https://www.musinsa.com/products/1772551,https://image.msscdn.net/images/goods_img/20210202/1772551/1772551_1_500.jpg
1002,003005,프로 드라이 핏 피트니스 타이츠 M - 블랙:화이트 / FB7953-010,https://www.musinsa.com/products/3975909,https://image.msscdn.net/images/goods_img/20240321/3975909/3975909_17115943559810_500.jpg
1003,003005,러닝 컴프레션 레깅스 하프 타이즈,https://www.musinsa.com/products/4660553,https://image.msscdn.net/images/goods_img/20241211/4660553/4660553_17338929694216_500.jpg
1004,003005,[2PACK] 컴팩트 2in1  러닝 팬츠  남녀 스포츠  레깅스 (런닝 헬스 워터 운동) 바지 W,https://www.musinsa.com/products/5278950,https://image.msscdn.net/images/goods_img/20250729/5278950/5278950_17538596590395_500.jpg
1005,003005,레이싱 롱 러닝 운동 타이즈,https://www.musinsa.com/products/4747263,https://image.msscdn.net/images/goods_img/20250131/4747263/4747263_17556758341196_500.jpg
1006,003005,러닝 컴프레션 레깅스 롱 타이즈,https://www.musinsa.com/products/4659652,https://image.msscdn.net/images/goods_img/20241210/4659652/4659652_17338272446191_500.jpg
1007,003005,프로 드라이 핏 피트니스 롱 쇼츠 M -  블랙:화이트 / FB7964-010,https://www.musinsa.com/products/4873660,https://image.msscdn.net/images/goods_img/20250310/4873660/4873660_17417569864403_500.jpg
1008,003005,컴팩트 멀티 스포츠 2in1 러닝 남녀 운동복 짐웨어 레깅스 팬츠 바지 M (2컬러),https://www.musinsa.com/products/5369394,https://image.msscdn.net/images/goods_img/20250827/5369394/5369394_17624759799921_500.jpg
1009,003005,프로 웜 타이츠 M - 블랙:화이트 / FB7962-010,https://www.musinsa.com/products/4546112,https://image.msscdn.net/images/goods_img/20241023/4546112/4546112_17304259983083_500.jpg
1010,003005,Daily Leggings Pants [Black],https://www.musinsa.com/products/3487482,https://image.msscdn.net/images/goods_img/20230822/3487482/3487482_17484841422034_500.jpg
1011,003005,맨즈 발열 스포츠 타이즈_블랙,https://www.musinsa.com/products/1660370,https://image.msscdn.net/images/goods_img/20201022/1660370/1660370_16928377473180_500.jpg
1012,003005,RX 하이브리드 레깅스 XWMTP01J3,https://www.musinsa.com/products/5237055,https://image.msscdn.net/images/goods_img/20250709/5237055/5237055_17520425575191_500.jpg
1013,003005,프로 드라이 핏 피트니스 쇼츠 M - 블랙:화이트 / FB7959-010,https://www.musinsa.com/products/4179748,https://image.msscdn.net/images/goods_img/20240605/4179748/4179748_17183400956580_500.jpg
1014,003005,러닝 숏 타이즈,https://www.musinsa.com/products/4637965,https://image.msscdn.net/images/goods_img/20241126/4637965/4637965_17496987065353_500.jpg
1015,003005,RX 맨즈 하이브리드 웜 조깅스 XWMTP02J3,https://www.musinsa.com/products/5237017,https://image.msscdn.net/images/goods_img/20250709/5237017/5237017_17520424942886_500.jpg
1016,003005,[힛탠다드]짐 컴프레션 기모 레깅스 (2color),https://www.musinsa.com/products/4137500,https://image.msscdn.net/images/goods_img/20240517/4137500/4137500_17415914328346_500.jpg
1017,003005,우븐스판 머슬 브레이커 팬츠,https://www.musinsa.com/products/3720910,https://image.msscdn.net/images/goods_img/20231117/3720910/3720910_17622219118663_500.jpg
1018,003005,블랙라벨 시그니처 360N 기모 맨즈레깅스 블랙 XP2154F,https://www.musinsa.com/products/5235003,https://image.msscdn.net/images/goods_img/20250709/5235003/5235003_17520388019358_500.jpg
1019,003005,레이싱 하프 타이즈,https://www.musinsa.com/products/4655538,https://image.msscdn.net/images/goods_img/20241208/4655538/4655538_17336681596215_500.jpg
1020,003005,트라이자 써멀 타이츠 (블랙),https://www.musinsa.com/products/5626906,https://image.msscdn.net/images/goods_img/20251022/5626906/5626906_17611070373521_500.jpg
1021,003006,코듀로이 커브드 와이드 팬츠 ( 6Color ),https://www.musinsa.com/products/5653198,https://image.msscdn.net/images/goods_img/20251028/5653198/5653198_17623094575295_500.jpg
1022,003006,여성 피어스 니트 팬츠 TR (94092003),https://www.musinsa.com/products/5695882,https://image.msscdn.net/images/goods_img/20251106/5695882/5695882_17624165889987_500.jpg
1023,003006,허리 밴딩 와이드 팬츠 (2color),https://www.musinsa.com/products/5224479,https://image.msscdn.net/images/goods_img/20250703/5224479/5224479_17574912102638_500.jpg
1024,003006,미드웨일 코듀로이 와이드 팬츠 8종 브라운 SJLP1382,https://www.musinsa.com/products/2998236,https://image.msscdn.net/images/goods_img/20221227/2998236/2998236_1_500.jpg
1025,003006,[2PACK] 남성 윈터릭스 방한용 패딩 웰론 바지 3 Colors,https://www.musinsa.com/products/5664067,https://image.msscdn.net/images/goods_img/20251030/5664067/5664067_17617981549742_500.jpg
1026,003006,어니언 퀼티드 패딩 팬츠 [라이트 그레이],https://www.musinsa.com/products/4368622,https://image.msscdn.net/images/goods_img/20240826/4368622/4368622_17326847687652_500.jpg
1027,003006,balanced corduroy pants (charcoal),https://www.musinsa.com/products/5600300,https://image.msscdn.net/images/goods_img/20251016/5600300/5600300_17616315132204_500.jpg
1028,003006,헤링본 커브드 트라우저 (차콜),https://www.musinsa.com/products/5610592,https://image.msscdn.net/images/goods_img/20251017/5610592/5610592_17612929486126_500.jpg
1029,003006,(Renew Ver.) 코듀로이 원턱 와이드 밴딩팬츠 ( 6Color ),https://www.musinsa.com/products/2926541,https://image.msscdn.net/images/goods_img/20221108/2926541/2926541_17623049889755_500.jpg
1030,003006,GORE-TEX WINDSTOPPER Wool Fleece Pant Heather Grey,https://www.musinsa.com/products/5711797,https://image.msscdn.net/images/goods_img/20251111/5711797/5711797_17629312323320_500.jpg
1031,003006,남성 윈터릭스 방한용 패딩 웰론 바지 3 Colors,https://www.musinsa.com/products/5664063,https://image.msscdn.net/images/goods_img/20251030/5664063/5664063_17617924371695_500.jpg
1032,003006,시티 레저 CN 와이드 벨티드 파라슈트 팬츠 [블랙],https://www.musinsa.com/products/3404705,https://image.msscdn.net/images/goods_img/20230712/3404705/3404705_17134029927665_500.jpg
1033,003006,이지 와이드 베트라 팬츠 (Black),https://www.musinsa.com/products/5451451,https://image.msscdn.net/images/goods_img/20250912/5451451/5451451_17588525787521_500.jpg
1034,003006,NP6NR06B 남성 데일 디테쳐블 팬츠_SLATE KHAKI,https://www.musinsa.com/products/4921429,https://image.msscdn.net/images/goods_img/20250320/4921429/4921429_17424464410017_500.jpg
1035,003006,패딩 퀼티드 밴딩 배색 팬츠  블랙 (454121JQ35),https://www.musinsa.com/products/3777843,https://image.msscdn.net/images/goods_img/20240105/3777843/3777843_17097920327762_500.jpg
1036,003006,balanced corduroy pants (mocha beige),https://www.musinsa.com/products/5600302,https://image.msscdn.net/images/goods_img/20251016/5600302/5600302_17616315523586_500.jpg
1037,003006,코튼 와이드 카고 팬츠_카키,https://www.musinsa.com/products/3939830,https://image.msscdn.net/images/goods_img/20240311/3939830/3939830_17449522802823_500.jpg
1038,003006,ACG 울프 트리 팬츠 M - 모스우드 브라운:바로크 브라운:라이트 카키:서밋 화이트 / HV1124-235,https://www.musinsa.com/products/5642905,https://image.msscdn.net/images/goods_img/20251024/5642905/5642905_17615439023173_500.jpg
1039,003006,융털 코듀로이 와이드 밴딩 팬츠 [차콜],https://www.musinsa.com/products/5459730,https://image.msscdn.net/images/goods_img/20250915/5459730/5459730_17579097943971_500.jpg
1040,003006,속기모 나일론 와이드 스트링 팬츠 [더스티 베이지],https://www.musinsa.com/products/4210149,https://image.msscdn.net/images/goods_img/20240620/4210149/4210149_17308700826917_500.jpg
1041,003006,Deep One Tuck Parachute Pants [3 Colors],https://www.musinsa.com/products/2912062,https://image.msscdn.net/images/goods_img/20221101/2912062/2912062_1_500.jpg
1042,003006,와이드 빅포켓 파라슈트 밴딩 카고 팬츠 [카키],https://www.musinsa.com/products/4274065,https://image.msscdn.net/images/goods_img/20240725/4274065/4274065_17616963476707_500.jpg
1043,003006,HIKING BELTED PANTS_GREEN,https://www.musinsa.com/products/3459853,https://image.msscdn.net/images/goods_img/20230810/3459853/3459853_17393217030944_500.jpg
1044,003006,밀리터리 카고 팬츠-블랙,https://www.musinsa.com/products/4728654,https://image.msscdn.net/images/goods_img/20250119/4728654/4728654_17425206583875_500.jpg
1045,003006,컨트라스트 스웨트 팬츠 (Black),https://www.musinsa.com/products/5364743,https://image.msscdn.net/images/goods_img/20250826/5364743/5364743_17582635278990_500.jpg
1046,003006,NP6NR07A 남성 라키 팬츠_BLACK,https://www.musinsa.com/products/4942456,https://image.msscdn.net/images/goods_img/20250325/4942456/4942456_17428850663954_500.jpg
1047,003006,메인로고 트랙 팬츠 (Navy),https://www.musinsa.com/products/5364779,https://image.msscdn.net/images/goods_img/20250826/5364779/5364779_17582635036996_500.jpg
1048,003006,[DAY6] 멜로우 퀼티드 패딩 팬츠 블랙 UQ423CPTO2,https://www.musinsa.com/products/5587273,https://image.msscdn.net/images/goods_img/20251014/5587273/5587273_17624176041494_500.jpg
1049,003006,H.D. 스트링 카우보이 팬츠 - 블루 / QV262BLUE,https://www.musinsa.com/products/5178912,https://image.msscdn.net/images/goods_img/20250612/5178912/5178912_17508193858082_500.jpg
1050,003006,더블 스티치 와이드 팬츠_블랙,https://www.musinsa.com/products/3400509,https://image.msscdn.net/images/goods_img/20230710/3400509/3400509_16965694053554_500.jpg
1051,003007,Bold Embroidery Cargo Pants-Khaki,https://www.musinsa.com/products/5660105,https://image.msscdn.net/images/goods_img/20251029/5660105/5660105_17618827399529_500.jpg
1052,003007,와이드 커브드 카고 코튼 팬츠 (BROWN),https://www.musinsa.com/products/5703920,https://image.msscdn.net/images/goods_img/20251107/5703920/5703920_17627408774662_500.jpg
1053,003007,코듀로이 하프 밴딩 팬츠 (3color),https://www.musinsa.com/products/5645863,https://image.msscdn.net/images/goods_img/20251027/5645863/5645863_17615514670032_500.png
1054,003007,와이드 커브드 다트 코듀로이 팬츠[브라운],https://www.musinsa.com/products/5674177,https://image.msscdn.net/images/goods_img/20251031/5674177/5674177_17627494871680_500.jpg
1055,003007,원턱 와이드 코듀로이 벌룬 팬츠 3Color,https://www.musinsa.com/products/5656247,https://image.msscdn.net/images/goods_img/20251028/5656247/5656247_17617004412606_500.jpg
1056,003007,Rivet Embroidery Carpenter Trouser-Khaki,https://www.musinsa.com/products/5660240,https://image.msscdn.net/images/goods_img/20251029/5660240/5660240_17618828287490_500.jpg
1057,003007,체크 아플리케 롤업 코튼 팬츠 블랙,https://www.musinsa.com/products/5636311,https://image.msscdn.net/images/goods_img/20251023/5636311/5636311_17617282394213_500.jpg
1058,003007,벨벳 인버티드 턱 와이드 팬츠 [카키],https://www.musinsa.com/products/4514476,https://image.msscdn.net/images/goods_img/20241014/4514476/4514476_17297468234403_500.jpg
1059,003007,Rivet Embroidery Carpenter Trouser-Navy,https://www.musinsa.com/products/5658462,https://image.msscdn.net/images/goods_img/20251029/5658462/5658462_17618819363993_500.jpg
1060,003007,사이드 절개 포켓 피치스킨 코튼 팬츠 [브라운],https://www.musinsa.com/products/5319959,https://image.msscdn.net/images/goods_img/20250813/5319959/5319959_17574807637770_500.jpg
1061,003007,레귤러 핏 히든 밴딩 치노 팬츠 [크림],https://www.musinsa.com/products/4663989,https://image.msscdn.net/images/goods_img/20241213/4663989/4663989_17435607127539_500.jpg
1062,003007,Knee Pin-Tuck Side Button Pants (Dark Gray),https://www.musinsa.com/products/5685081,https://image.msscdn.net/images/goods_img/20251104/5685081/5685081_17624146544354_500.jpg
1063,003007,776 코튼 원턱 와이드 팬츠,https://www.musinsa.com/products/5604142,https://image.msscdn.net/images/goods_img/20251016/5604142/5604142_17606061506091_500.jpg
1064,003007,세미 와이드핏 트윌 코튼 치노 팬츠 [BEIGE]_SEPT051BEIGE,https://www.musinsa.com/products/4810666,https://image.msscdn.net/images/goods_img/20250220/4810666/4810666_17433970878671_500.jpg
1065,003007,straight cotton pants (beige),https://www.musinsa.com/products/5600282,https://image.msscdn.net/images/goods_img/20251016/5600282/5600282_17616314498989_500.jpg
1066,003007,오피서 코튼 밴딩 팬츠 (CAMEL BEIGE),https://www.musinsa.com/products/3910256,https://image.msscdn.net/images/goods_img/20240228/3910256/3910256_17097026282265_500.jpg
1067,003007,세미 와이드핏 트윌 코튼 치노 팬츠 [CAMEL]_SEPT051CAMEL,https://www.musinsa.com/products/4810660,https://image.msscdn.net/images/goods_img/20250220/4810660/4810660_17593808192395_500.jpg
1068,003007,시나몬 코듀로이 카고 팬츠 코코아 JJLP7678,https://www.musinsa.com/products/3585567,https://image.msscdn.net/images/goods_img/20230922/3585567/3585567_16953412391440_500.jpg
1069,003007,빈티지 워싱 카펜터 코듀로이 팬츠 (LIGHT GRAY),https://www.musinsa.com/products/4328618,https://image.msscdn.net/images/goods_img/20240814/4328618/4328618_17249556594264_500.jpg
1070,003007,와이드 코듀로이 팬츠 [브라운],https://www.musinsa.com/products/1176331,https://image.msscdn.net/images/goods_img/20191004/1176331/1176331_17319218799204_500.jpg
1071,003007,치노 벌룬 와이드 팬츠 베이지 MMLP6858,https://www.musinsa.com/products/4873590,https://image.msscdn.net/images/goods_img/20250310/4873590/4873590_17415693330968_500.jpg
1072,003007,오리지널 874 워크팬츠 Olive Green,https://www.musinsa.com/products/4070458,https://image.msscdn.net/images/goods_img/20240419/4070458/4070458_17170276733148_500.jpg
1073,003007,백 사틴 파라슈트 팬츠 [블랙],https://www.musinsa.com/products/3758328,https://image.msscdn.net/images/goods_img/20231215/3758328/3758328_17128784019574_500.jpg
1074,003007,cotton fatigue pants regular fit beige,https://www.musinsa.com/products/241111,https://image.msscdn.net/images/goods_img/20150826/241111/241111_4_500.jpg
1075,003007,[2PACK] 원턱 와이드 코듀로이 밴딩 팬츠,https://www.musinsa.com/products/3709313,https://image.msscdn.net/images/goods_img/20231114/3709313/3709313_17611885701261_500.jpg
1076,003007,스타 코튼 팬츠 브라운,https://www.musinsa.com/products/5634786,https://image.msscdn.net/images/goods_img/20251023/5634786/5634786_17617286336971_500.jpg
1077,003007,백 사틴 파라슈트 카고 팬츠 [브라운],https://www.musinsa.com/products/4210156,https://image.msscdn.net/images/goods_img/20240620/4210156/4210156_17314655508885_500.jpg
1078,003007,덱스터 캔버스 워크 팬츠 (워시드 블랙),https://www.musinsa.com/products/5588065,https://image.msscdn.net/images/goods_img/20251014/5588065/5588065_17612074543313_500.jpg
1079,003007,컴포터블 투턱 와이드 치노팬츠 6 COLOR,https://www.musinsa.com/products/2470098,https://image.msscdn.net/images/goods_img/20220406/2470098/2470098_16934557795825_500.jpg
1080,003007,[노운 × 우연] washed biker cargo pants (olive),https://www.musinsa.com/products/5620921,https://image.msscdn.net/images/goods_img/20251021/5620921/5620921_17617291872698_500.jpg
1081,003008,[ON]두굿_와이드 원턱 밴딩 슬랙스 - 2color,https://www.musinsa.com/products/5719580,https://image.msscdn.net/images/goods_img/20251112/5719580/5719580_17639508043680_500.jpg
1082,003008,트렁크 새깅 스트라이프 윈터 슬랙스[그레이],https://www.musinsa.com/products/5639424,https://image.msscdn.net/images/goods_img/20251024/5639424/5639424_17618935319750_500.jpg
1083,003008,[이도현 PICK] 슈퍼 와이드 히든 밴딩 슬랙스 [미디엄 그레이],https://www.musinsa.com/products/1749104,https://image.msscdn.net/images/goods_img/20210114/1749104/1749104_17610115068305_500.jpg
1084,003008,WIDE STRIPE SLACKS [BLACK],https://www.musinsa.com/products/5694008,https://image.msscdn.net/images/goods_img/20251106/5694008/5694008_17624075063418_500.jpg
1085,003008,파라슈트 밴딩 카고 슬랙스 [미디엄 그레이],https://www.musinsa.com/products/4352401,https://image.msscdn.net/images/goods_img/20240821/4352401/4352401_17411734799711_500.jpg
1086,003008,[기모 or 논기모] 스트라이프 와이드 밴딩 슬랙스 브라운,https://www.musinsa.com/products/5354599,https://image.msscdn.net/images/goods_img/20250822/5354599/5354599_17579180687420_500.jpg
1087,003008,남성) 카펜터 워크 팬츠_MSE1PP1002,https://www.musinsa.com/products/3840106,https://image.msscdn.net/images/goods_img/20240201/3840106/3840106_17067724642561_500.jpg
1088,003008,투턱 와이드 슬랙스 블랙,https://www.musinsa.com/products/2708877,https://image.msscdn.net/images/goods_img/20220810/2708877/2708877_17152156544192_500.jpg
1089,003008,와이드 원턱 커브드 슬랙스[그레이],https://www.musinsa.com/products/5313545,https://image.msscdn.net/images/goods_img/20250812/5313545/5313545_17564383527416_500.jpg
1090,003008,올데이 세미 와이드 밴딩 슬랙스,https://www.musinsa.com/products/5362126,https://image.msscdn.net/images/goods_img/20250826/5362126/5362126_17579025138474_500.jpg
1091,003008,[추성훈 PICK] 릴렉스드 테이퍼드 히든 밴딩 크롭 슬랙스 [그레이],https://www.musinsa.com/products/2032905,https://image.msscdn.net/images/goods_img/20210719/2032905/2032905_17615303593659_500.jpg
1092,003008,(겨울원단) 에센셜 세미 와이드 슬랙스 (BROWN),https://www.musinsa.com/products/3650953,https://image.msscdn.net/images/goods_img/20231023/3650953/3650953_17170489297941_500.jpg
1093,003008,원턱 와이드 라이크 데님 팬츠 [블랙],https://www.musinsa.com/products/3837344,https://image.msscdn.net/images/goods_img/20240131/3837344/3837344_17066937641539_500.jpg
1094,003008,[기모 or 논기모] 투턱 와이드 슬랙스 딥 브라운,https://www.musinsa.com/products/5354652,https://image.msscdn.net/images/goods_img/20250822/5354652/5354652_17579182902159_500.jpg
1095,003008,[기모버전 추가]이지 세미와이드 슬랙스 3Color,https://www.musinsa.com/products/4308000,https://image.msscdn.net/images/goods_img/20240808/4308000/4308000_17261235549408_500.jpg
1096,003008,스트라이프 원 턱 와이드 팬츠 [차콜],https://www.musinsa.com/products/5076906,https://image.msscdn.net/images/goods_img/20250429/5076906/5076906_17460814455120_500.jpg
1097,003008,[AW] Santiago Slacks (Mink),https://www.musinsa.com/products/3510980,https://image.msscdn.net/images/goods_img/20230829/3510980/3510980_17563723632896_500.jpg
1098,003008,25 FW 원턱 와이드 슬랙스 (F01-3컬러),https://www.musinsa.com/products/5328103,https://image.msscdn.net/images/goods_img/20250817/5328103/5328103_17582663204502_500.jpg
1099,003008,리버스 투 턱 세미 벌룬 히든 밴딩 슬랙스 [미디엄 그레이],https://www.musinsa.com/products/3045284,https://image.msscdn.net/images/goods_img/20230130/3045284/3045284_16790209161319_500.jpg
1100,003008,Santiago Slacks Standard flexible (Charcoal),https://www.musinsa.com/products/5683838,https://image.msscdn.net/images/goods_img/20251104/5683838/5683838_17623223199018_500.jpg
1101,003008,Pin-stripe Wool Straight fit Pants (Grey) TNPA5F201G2,https://www.musinsa.com/products/5450901,https://image.msscdn.net/images/goods_img/20250912/5450901/5450901_17582451965414_500.jpg
1102,003008,[겨울원단추가]더블턱 와이드 슬랙스[그레이],https://www.musinsa.com/products/2578997,https://image.msscdn.net/images/goods_img/20220524/2578997/2578997_17609470885808_500.jpg
1103,003008,기모 밴딩 와이드 슬랙스 [BRUSHED BLACK],https://www.musinsa.com/products/5543659,https://image.msscdn.net/images/goods_img/20250929/5543659/5543659_17592852470820_500.jpg
1104,003008,스포티브 스트레이트 슬랙스 [블랙],https://www.musinsa.com/products/3947938,https://image.msscdn.net/images/goods_img/20240313/3947938/3947938_17140305672019_500.jpg
1105,003008,[기모 or 논기모] 투턱 와이드 슬랙스 블랙,https://www.musinsa.com/products/5354634,https://image.msscdn.net/images/goods_img/20250822/5354634/5354634_17586928583785_500.jpg
1106,003008,[2PACK] 이지 세미 와이드 밴딩 슬랙스_4COLOR,https://www.musinsa.com/products/4034427,https://image.msscdn.net/images/goods_img/20240408/4034427/4034427_17562748782811_500.jpg
1107,003008,원 턱 와이드 밴딩 슬랙스 [반다이크 브라운],https://www.musinsa.com/products/3504242,https://image.msscdn.net/images/goods_img/20230828/3504242/3504242_16950225822437_500.jpg
1108,003008,"울 와이드 슬랙스 - 비죠, 딥 턱 차콜",https://www.musinsa.com/products/4020780,https://image.msscdn.net/images/goods_img/20240403/4020780/4020780_17234448888844_500.jpg
1109,003008,어드저스트 투턱 와이드 슬랙스_스트라이프 차콜,https://www.musinsa.com/products/5310984,https://image.msscdn.net/images/goods_img/20250811/5310984/5310984_17551515636020_500.jpg
1110,003008,하프밴딩 세미와이드 슬랙스,https://www.musinsa.com/products/4454210,https://image.msscdn.net/images/goods_img/20240923/4454210/4454210_17273252681223_500.jpg
1111,003009,NEW RAISEBORN HALF PANTS LONG VER (3 COLOR),https://www.musinsa.com/products/5760932,https://image.msscdn.net/images/goods_img/20251121/5760932/5760932_17636984655415_500.png
1112,003009,테크 메쉬 6인치 쇼츠 1386970-001,https://www.musinsa.com/products/5250241,https://image.msscdn.net/images/goods_img/20250716/5250241/5250241_17526326821257_500.jpg
1113,003009,론치 언라인드 7인치 쇼츠 1382622-001,https://www.musinsa.com/products/4255775,https://image.msscdn.net/images/goods_img/20240717/4255775/4255775_17212064278392_500.jpg
1114,003009,[2PACK] [기본핏 OR +5CM 선택] 크리스피 나일론 쇼츠_11COLOR,https://www.musinsa.com/products/1436218,https://image.msscdn.net/images/goods_img/20200508/1436218/1436218_17435538557459_500.jpg
1115,003009,패치자수 버뮤다팬츠,https://www.musinsa.com/products/4370644,https://image.msscdn.net/images/goods_img/20240826/4370644/4370644_17246549514054_500.jpg
1116,003009,드라이 핏 챌린저 5인치 브리프 라인드 버서타일 쇼츠 M - 블랙/ DV9364-010,https://www.musinsa.com/products/4172788,https://image.msscdn.net/images/goods_img/20240603/4172788/4172788_17186043509123_500.jpg
1117,003009,[2팩] 스트레치 스포츠 7인치 쇼츠 (5color),https://www.musinsa.com/products/4903285,https://image.msscdn.net/images/goods_img/20250317/4903285/4903285_17421816976914_500.jpg
1118,003009,러닝 라이트웨이트 2in1 5인치 쇼츠 [4colors],https://www.musinsa.com/products/3056133,https://image.msscdn.net/images/goods_img/20230202/3056133/3056133_17557549349122_500.jpg
1119,003009,[2PACK] 나일론 카고 쇼츠_7color,https://www.musinsa.com/products/3253762,https://image.msscdn.net/images/goods_img/20230421/3253762/3253762_17192031146326_500.jpg
1120,003009,론치 5인치 쇼츠 1382617-001,https://www.musinsa.com/products/4262983,https://image.msscdn.net/images/goods_img/20240719/4262983/4262983_17213767182236_500.jpg
1121,003009,프론트 워싱 버뮤다 데님 쇼츠 (SAND BLUE),https://www.musinsa.com/products/4111281,https://image.msscdn.net/images/goods_img/20240507/4111281/4111281_17153191885839_500.jpg
1122,003009,버뮤다 숏 팬츠 - 쉐도우브라운 / KB5431,https://www.musinsa.com/products/5234350,https://image.msscdn.net/images/goods_img/20250709/5234350/5234350_17526592755257_500.jpg
1123,003009,BRN OUTBAND 2 IN 1 SQUAT SHORTS [BLACK],https://www.musinsa.com/products/5482461,https://image.msscdn.net/images/goods_img/20250917/5482461/5482461_17587944266124_500.jpg
1124,003009,액티브 쇼츠 8 color,https://www.musinsa.com/products/2439242,https://image.msscdn.net/images/goods_img/20220323/2439242/2439242_16868121953345_500.jpg
1125,003009,폼 드라이 핏 7인치 언라인드 버서타일 쇼츠 M - 스모크 그레이:라이트 스모크 그레이:블랙 / HJ3158-084,https://www.musinsa.com/products/4703134,https://image.msscdn.net/images/goods_img/20250107/4703134/4703134_17364955921747_500.jpg
1126,003009,클럽 니트 쇼츠 M - 블랙:블랙:화이트 / IB8414-010,https://www.musinsa.com/products/5131133,https://image.msscdn.net/images/goods_img/20250520/5131133/5131133_17479776895044_500.jpg
1127,003009,7부 데님 워싱 와이드 버뮤다 팬츠_3color,https://www.musinsa.com/products/4943754,https://image.msscdn.net/images/goods_img/20250325/4943754/4943754_17555805568614_500.jpg
1128,003009,테이프 매쉬 버뮤다 쇼츠 (Black),https://www.musinsa.com/products/5046735,https://image.msscdn.net/images/goods_img/20250421/5046735/5046735_17466690186965_500.jpg
1129,003009,파이어버드 숏 팬츠 - 블랙:화이트 / IU2368,https://www.musinsa.com/products/3970381,https://image.msscdn.net/images/goods_img/20240320/3970381/3970381_17110023776300_500.jpg
1130,003009,라이트 마운틴 클로스 쇼츠 - 브라운 / PA-23SU103BR,https://www.musinsa.com/products/3099248,https://image.msscdn.net/images/goods_img/20230222/3099248/3099248_16770784158955_500.jpg
1131,003009,[2PACK SET]에어스트레치 쇼츠 트레이닝 3COLOR,https://www.musinsa.com/products/2971574,https://image.msscdn.net/images/goods_img/20221205/2971574/2971574_17543685726844_500.jpg
1132,003009,컴팩트 2in1 러닝 쇼츠 남녀 스포츠 반바지 레깅스 (헬스 워터 운동) 팬츠 M 3컬러,https://www.musinsa.com/products/1519475,https://image.msscdn.net/images/goods_img/20200717/1519475/1519475_17549589171228_500.jpg
1133,003009,에어스트레치 쇼츠_블랙 트레이닝,https://www.musinsa.com/products/2508821,https://image.msscdn.net/images/goods_img/20220422/2508821/2508821_17574625103888_500.jpg
1134,003009,컴팩트 2in1 러닝 쇼츠  남녀 스포츠 반바지 레깅스 (헬스 워터 운동) 투인원 팬츠 W (4컬러),https://www.musinsa.com/products/1519464,https://image.msscdn.net/images/goods_img/20200717/1519464/1519464_17503969317436_500.jpg
1135,003009,드라이 핏 폼 7인치 언라인드 버서타일 쇼츠 M - 블랙:화이트 / DV9858-010,https://www.musinsa.com/products/4172811,https://image.msscdn.net/images/goods_img/20240603/4172811/4172811_17188447540673_500.jpg
1136,003009,스포츠 반바지 쇼츠 프로 (2IN1),https://www.musinsa.com/products/4655528,https://image.msscdn.net/images/goods_img/20241208/4655528/4655528_17336647759311_500.jpg
1137,003009,트레인 에센셜 우븐 트레이닝 쇼츠 IC6976,https://www.musinsa.com/products/4675699,https://image.msscdn.net/images/goods_img/20241220/4675699/4675699_17346711143241_500.jpg
1138,003009,오운 더 런 스프레이 다이 투인원 쇼츠 JN9680,https://www.musinsa.com/products/5380283,https://image.msscdn.net/images/goods_img/20250829/5380283/5380283_17564566197610_500.jpg
1139,003009,와플 숏 팬츠 - 블랙 / JV9268,https://www.musinsa.com/products/4793691,https://image.msscdn.net/images/goods_img/20250217/4793691/4793691_17508117744651_500.jpg
1140,003009,카펜터 버뮤다 스웨트 8부 팬츠 블랙,https://www.musinsa.com/products/3513309,https://image.msscdn.net/images/goods_img/20230830/3513309/3513309_16934722502141_500.jpg
1141,003010,3플라이 울 모헤어 티핑 스포츠 코트 점프수트 - 블랙 / MUU020B00170001,https://www.musinsa.com/products/3196500,https://image.msscdn.net/images/goods_img/20230331/3196500/3196500_16855955658979_500.jpg
1142,003010,RAVER 겨울 오토바이 방수 방한 일체형 상하분리 배달 스즈끼 전신 방한복 스즈키복 우주복 낚시복 작업복 정비복 스키복 점프슈트,https://www.musinsa.com/products/3834260,https://image.msscdn.net/images/goods_img/20240131/3834260/3834260_17067720801133_500.jpg
1143,003010,BIB 오버롤 데님팬츠 Indigo,https://www.musinsa.com/products/3882593,https://image.msscdn.net/images/goods_img/20240220/3882593/3882593_17083946750395_500.jpg
1144,003010,PLG 데님 점프수트(Blue),https://www.musinsa.com/products/2063625,https://image.msscdn.net/images/goods_img/20210813/2063625/2063625_16945900853647_500.jpg
1145,003010,2425 Muse pants - Bistro,https://www.musinsa.com/products/4614674,https://image.msscdn.net/images/goods_img/20241114/4614674/4614674_17327627776730_500.jpg
1146,003010,플라이트 수트 (블랙),https://www.musinsa.com/products/4597956,https://image.msscdn.net/images/goods_img/20241107/4597956/4597956_17309783499246_500.jpg
1147,003010,Painter Jumpsuit BLACK,https://www.musinsa.com/products/3928305,https://image.msscdn.net/images/goods_img/20240306/3928305/3928305_17171286086255_500.jpg
1148,003010,939 MECHANIC DENIM JUMP SUIT (LIGHT BLUE),https://www.musinsa.com/products/5446597,https://image.msscdn.net/images/goods_img/20250911/5446597/5446597_17592925941380_500.jpg
1149,003010,파일럿 패딩 점프수트 (CHARCOAL),https://www.musinsa.com/products/5564812,https://image.msscdn.net/images/goods_img/20251002/5564812/5564812_17593685803052_500.jpg
1150,003010,PLG 네프 생지 점프수트,https://www.musinsa.com/products/2096437,https://image.msscdn.net/images/goods_img/20210829/2096437/2096437_16945907798336_500.jpg
1151,003010,오리지널 오버롤 블랙,https://www.musinsa.com/products/3242184,https://image.msscdn.net/images/goods_img/20230418/3242184/3242184_16825750601905_500.jpg
1152,003010,[논페이드] 데님 오버롤 멜빵 팬츠 (블루),https://www.musinsa.com/products/944501,https://image.msscdn.net/images/goods_img/20190130/944501/944501_17617811599957_500.jpg
1153,003010,필드 트윌 커버올 GRAY JBWXSUPL781,https://www.musinsa.com/products/4232440,https://image.msscdn.net/images/goods_img/20240704/4232440/4232440_17200618204333_500.jpg
1154,003010,루트 반바지 점프 수트 Dark Charcoal (S23MMROP28),https://www.musinsa.com/products/3142629,https://image.msscdn.net/images/goods_img/20230313/3142629/3142629_16786776006595_500.jpg
1155,003010,48799 점프수트 커버올 Black,https://www.musinsa.com/products/3882591,https://image.msscdn.net/images/goods_img/20240220/3882591/3882591_17083946635450_500.jpg
1156,003010,컴팩트 체스트 리그 2BBAX25013TAC,https://www.musinsa.com/products/5662099,https://image.msscdn.net/images/goods_img/20251029/5662099/5662099_17617279030709_500.jpg
1157,003010,파번 5807  나일론 오버핏 블랙 점프수트,https://www.musinsa.com/products/3983517,https://image.msscdn.net/images/goods_img/20240322/3983517/3983517_17110913251573_500.jpg
1158,003010,유니 NY 데님 오버롤 라이트블루,https://www.musinsa.com/products/4121295,https://image.msscdn.net/images/goods_img/20240510/4121295/4121295_17530726637755_500.jpg
1159,003010,오버라운드 퍼티그 점프슈트 OF-501 블랙,https://www.musinsa.com/products/1415523,https://image.msscdn.net/images/goods_img/20200422/1415523/1415523_17604834784395_500.jpg
1160,003010,필드 스트레치 커버올 남 2 OLIVE JBWXSMPL761,https://www.musinsa.com/products/4232405,https://image.msscdn.net/images/goods_img/20240704/4232405/4232405_17200615027234_500.jpg
1161,003010,[PLAYBOY x DIMITO] STITCHED TRUCKER BIB DENIM PANTS (WIDE FIT LV.1) WASHED BLACK,https://www.musinsa.com/products/5480021,https://image.msscdn.net/images/goods_img/20250917/5480021/5480021_17588006286525_500.jpg
1162,003010,필드 스트레치 커버올 남 2 BEIGE JBWXSMPL763,https://www.musinsa.com/products/4232403,https://image.msscdn.net/images/goods_img/20240704/4232403/4232403_17200614932364_500.jpg
1163,003010,Re-Born 데님 점프수트 Denim,https://www.musinsa.com/products/3432217,https://image.msscdn.net/images/goods_img/20230728/3432217/3432217_17370114996981_500.jpg
1164,003010,Loose Denim Overall Indigo Dark,https://www.musinsa.com/products/4853667,https://image.msscdn.net/images/goods_img/20250304/4853667/4853667_17412274851914_500.jpg
1165,003010,화이트라벨 오버롤 네이비,https://www.musinsa.com/products/1291269,https://image.msscdn.net/images/goods_img/20200205/1291269/1291269_1_500.jpg
1166,003010,포퍼웨이더형 팬츠U,https://www.musinsa.com/products/2223543,https://image.msscdn.net/images/goods_img/20211109/2223543/2223543_1_500.jpg
1167,003010,이슬라믹 타일 프린트 반소매 레이싱 수트 - 멀티컬러 / MP366CT237,https://www.musinsa.com/products/3489943,https://image.msscdn.net/images/goods_img/20230823/3489943/3489943_16968958720883_500.jpg
1168,003010,리프 빈티지 오버롤,https://www.musinsa.com/products/2513846,https://image.msscdn.net/images/goods_img/20220425/2513846/2513846_1_500.jpg
1169,003010,루트 점프 수트 Dark Khaki (S23MUROP27),https://www.musinsa.com/products/3049156,https://image.msscdn.net/images/goods_img/20230131/3049156/3049156_16757501494545_500.jpg
1170,003010,33999 점프수트 커버올 Charcoal,https://www.musinsa.com/products/4992213,https://image.msscdn.net/images/goods_img/20250407/4992213/4992213_17439911235158_500.jpg
